broker_id,broker_service_profile
1,BV1
2,BV2
3,BV1
4,BV3
5,BV1
6,BV2
7,BV4
8,BV4
9,BV2
10,BV1
11,BV2
12,BV2
13,BV2
14,BV2
15,BV3
16,BV1
17,BV1
18,BV3
19,BV3
20,BV2
21,BV3
22,BV2
23,BV1
24,BV3
25,BV2
26,BV2
27,BV1
28,BV2
29,BV1
30,BV1
31,BV1
32,BV2
33,BV1
34,BV2
35,BV1
36,BV1
37,BV1
38,BV1
39,BV1
40,BV1
41,BV3
42,BV1
43,BV1
44,BV3
45,BV1
46,BV2
47,BV1
48,BV4
49,BV2
50,BV2
51,BV3
52,BV1
53,BV2
54,BV1
55,BV2
56,BV3
57,BV1
58,BV2
59,BV2
60,BV3
61,BV3
62,BV1
63,BV3
64,BV1
65,BV4
66,BV1
67,BV1
68,BV4
69,BV1
70,BV4
71,BV1
72,BV2
73,BV1
74,BV2
75,BV1
76,BV4
77,BV3
78,BV2
79,BV2
80,BV2
81,BV2
82,BV1
83,BV3
84,BV4
85,BV4
86,BV2
87,BV4
88,BV1
89,BV4
90,BV2
91,BV1
92,BV4
93,BV2
94,BV1
95,BV2
96,BV1
97,BV1
98,BV1
99,BV1
100,BV1
101,BV1
102,BV2
103,BV2
104,BV2
105,BV4
106,BV1
107,BV1
108,BV1
109,BV1
110,BV2
111,BV1
112,BV4
113,BV2
114,BV2
115,BV2
116,BV4
117,BV1
118,BV2
119,BV3
120,BV2
121,BV3
122,BV2
123,BV2
124,BV2
125,BV2
126,BV2
127,BV1
128,BV3
129,BV1
130,BV1
131,BV2
132,BV2
133,BV1
134,BV1
135,BV2
136,BV1
137,BV3
138,BV4
139,BV2
140,BV2
141,BV2
142,BV1
143,BV4
144,BV3
145,BV1
146,BV3
147,BV1
148,BV1
149,BV4
150,BV3
151,BV2
152,BV4
153,BV1
154,BV1
155,BV2
156,BV1
157,BV1
158,BV2
159,BV4
160,BV2
161,BV3
162,BV4
163,BV1
164,BV1
165,BV1
166,BV2
167,BV1
168,BV1
169,BV4
170,BV1
171,BV1
172,BV2
173,BV2
174,BV1
175,BV2
176,BV4
177,BV1
178,BV1
179,BV4
180,BV2
181,BV1
182,BV2
183,BV1
184,BV1
185,BV2
186,BV2
187,BV2
188,BV1
189,BV3
190,BV1
191,BV1
192,BV3
193,BV4
194,BV2
195,BV3
196,BV3
197,BV2
198,BV2
199,BV2
200,BV1
201,BV1
202,BV2
203,BV2
204,BV2
205,BV4
206,BV2
207,BV1
208,BV2
209,BV2
210,BV2
211,BV2
212,BV1
213,BV3
214,BV3
215,BV1
216,BV1
217,BV4
218,BV2
219,BV4
220,BV3
221,BV3
222,BV2
223,BV3
224,BV2
225,BV1
226,BV2
227,BV2
228,BV4
229,BV1
230,BV1
231,BV4
232,BV1
233,BV1
234,BV1
235,BV1
236,BV1
237,BV4
238,BV1
239,BV2
240,BV1
241,BV1
242,BV2
243,BV4
244,BV2
245,BV2
246,BV1
247,BV2
248,BV3
249,BV2
250,BV1
251,BV2
252,BV4
253,BV1
254,BV2
255,BV2
256,BV2
257,BV1
258,BV1
259,BV2
260,BV2
261,BV1
262,BV1
263,BV2
264,BV3
265,BV1
266,BV2
267,BV2
268,BV1
269,BV3
270,BV3
271,BV1
272,BV3
273,BV1
274,BV1
275,BV1
276,BV1
277,BV1
278,BV1
279,BV1
280,BV1
281,BV2
282,BV1
283,BV4
284,BV2
285,BV2
286,BV1
287,BV4
288,BV1
289,BV2
290,BV1
291,BV1
292,BV1
293,BV1
294,BV2
295,BV1
296,BV1
297,BV2
298,BV3
299,BV2
300,BV3
