lead_id,lead_profile
1,L2
2,L1
3,L1
4,L1
5,L2
6,L1
7,L2
8,L1
9,L1
10,L1
11,L1
12,L1
13,L1
14,L1
15,L1
16,L1
17,L1
18,L1
19,L1
20,L1
21,L1
22,L1
23,L1
24,L1
25,L2
26,L1
27,L1
28,L1
29,L1
30,L1
31,L1
32,L1
33,L1
34,L1
35,L1
36,L1
37,L1
38,L1
39,L1
40,L1
41,L1
42,L1
43,L1
44,L1
45,L1
46,L1
47,L1
48,L1
49,L1
50,L1
51,L1
52,L1
53,L2
54,L1
55,L1
56,L1
57,L1
58,L1
59,L1
60,L1
61,L2
62,L1
63,L1
64,L1
65,L1
66,L1
67,L1
68,L1
69,L1
70,L1
71,L1
72,L1
73,L1
74,L1
75,L1
76,L1
77,L1
78,L1
79,L1
80,L1
81,L1
82,L2
83,L1
84,L1
85,L1
86,L1
87,L1
88,L1
89,L1
90,L1
91,L2
92,L1
93,L1
94,L1
95,L1
96,L1
97,L1
98,L1
99,L1
100,L1
101,L1
102,L1
103,L1
104,L1
105,L1
106,L1
107,L1
108,L1
109,L1
110,L1
111,L1
112,L1
113,L1
114,L1
115,L1
116,L1
117,L1
118,L1
119,L1
120,L1
121,L1
122,L1
123,L1
124,L1
125,L1
126,L1
127,L1
128,L1
129,L1
130,L1
131,L1
132,L1
133,L1
134,L1
135,L1
136,L1
137,L1
138,L1
139,L1
140,L1
141,L1
142,L1
143,L1
144,L2
145,L1
146,L1
147,L1
148,L1
149,L1
150,L1
151,L1
152,L1
153,L1
154,L1
155,L2
156,L2
157,L1
158,L1
159,L1
160,L1
161,L1
162,L1
163,L1
164,L1
165,L3
166,L1
167,L1
168,L1
169,L1
170,L1
171,L3
172,L1
173,L2
174,L1
175,L1
176,L1
177,L3
178,L1
179,L1
180,L1
181,L1
182,L1
183,L1
184,L2
185,L1
186,L2
187,L1
188,L1
189,L1
190,L1
191,L1
192,L1
193,L1
194,L1
195,L1
196,L1
197,L1
198,L1
199,L2
200,L2
201,L1
202,L1
203,L1
204,L2
205,L1
206,L2
207,L1
208,L1
209,L1
210,L1
211,L2
212,L1
213,L1
214,L1
215,L1
216,L1
217,L1
218,L2
219,L1
220,L1
221,L1
222,L1
223,L1
224,L1
225,L1
226,L1
227,L1
228,L3
229,L1
230,L1
231,L1
232,L1
233,L2
234,L1
235,L1
236,L1
237,L1
238,L1
239,L2
240,L1
241,L1
242,L1
243,L1
244,L1
245,L1
246,L1
247,L1
248,L1
249,L1
250,L1
251,L1
252,L1
253,L1
254,L1
255,L1
256,L1
257,L2
258,L1
259,L1
260,L1
261,L1
262,L1
263,L1
264,L1
265,L2
266,L1
267,L1
268,L1
269,L1
270,L1
271,L2
272,L1
273,L1
274,L1
275,L1
276,L1
277,L1
278,L1
279,L1
280,L1
281,L1
282,L1
283,L1
284,L1
285,L1
286,L1
287,L1
288,L2
289,L1
290,L1
291,L1
292,L1
293,L1
294,L1
295,L1
296,L1
297,L1
298,L1
299,L1
300,L1
301,L1
302,L1
303,L1
304,L1
305,L1
306,L1
307,L1
308,L1
309,L2
310,L1
311,L1
312,L1
313,L1
314,L1
315,L1
316,L1
317,L1
318,L1
319,L1
320,L1
321,L1
322,L1
323,L1
324,L1
325,L1
326,L2
327,L1
328,L2
329,L1
330,L1
331,L1
332,L1
333,L1
334,L1
335,L1
336,L1
337,L1
338,L1
339,L1
340,L1
341,L1
342,L1
343,L2
344,L1
345,L1
346,L1
347,L2
348,L1
349,L1
350,L1
351,L1
352,L1
353,L1
354,L1
355,L1
356,L1
357,L1
358,L1
359,L1
360,L1
361,L1
362,L1
363,L1
364,L1
365,L1
366,L1
367,L1
368,L1
369,L2
370,L1
371,L1
372,L1
373,L1
374,L1
375,L1
376,L1
377,L1
378,L1
379,L1
380,L1
381,L1
382,L2
383,L1
384,L1
385,L1
386,L1
387,L1
388,L1
389,L1
390,L1
391,L1
392,L2
393,L1
394,L2
395,L1
396,L1
397,L1
398,L1
399,L1
400,L1
401,L1
402,L1
403,L1
404,L1
405,L1
406,L1
407,L1
408,L1
409,L1
410,L1
411,L1
412,L1
413,L1
414,L1
415,L1
416,L1
417,L1
418,L1
419,L1
420,L1
421,L1
422,L1
423,L1
424,L1
425,L2
426,L1
427,L1
428,L1
429,L1
430,L1
431,L1
432,L2
433,L1
434,L2
435,L1
436,L2
437,L1
438,L1
439,L1
440,L1
441,L2
442,L1
443,L1
444,L1
445,L1
446,L1
447,L1
448,L1
449,L1
450,L1
451,L2
452,L1
453,L1
454,L1
455,L1
456,L1
457,L3
458,L1
459,L1
460,L1
461,L1
462,L1
463,L2
464,L1
465,L1
466,L1
467,L1
468,L1
469,L1
470,L1
471,L1
472,L2
473,L1
474,L1
475,L1
476,L3
477,L1
478,L1
479,L1
480,L1
481,L1
482,L1
483,L1
484,L1
485,L1
486,L2
487,L1
488,L1
489,L2
490,L1
491,L1
492,L1
493,L1
494,L1
495,L1
496,L1
497,L1
498,L2
499,L1
500,L1
501,L1
502,L1
503,L1
504,L1
505,L1
506,L1
507,L1
508,L1
509,L1
510,L1
511,L1
512,L1
513,L1
514,L1
515,L1
516,L1
517,L1
518,L1
519,L1
520,L1
521,L1
522,L1
523,L1
524,L1
525,L1
526,L1
527,L1
528,L1
529,L1
530,L1
531,L1
532,L1
533,L1
534,L1
535,L1
536,L1
537,L1
538,L1
539,L1
540,L1
541,L1
542,L1
543,L1
544,L1
545,L1
546,L1
547,L3
548,L1
549,L1
550,L1
551,L1
552,L3
553,L1
554,L2
555,L1
556,L1
557,L1
558,L1
559,L1
560,L1
561,L1
562,L1
563,L1
564,L1
565,L1
566,L1
567,L1
568,L1
569,L2
570,L1
571,L1
572,L1
573,L1
574,L1
575,L1
576,L1
577,L1
578,L1
579,L1
580,L1
581,L1
582,L1
583,L1
584,L1
585,L2
586,L1
587,L1
588,L1
589,L1
590,L1
591,L1
592,L1
593,L1
594,L1
595,L1
596,L1
597,L1
598,L1
599,L2
600,L2
601,L1
602,L1
603,L1
604,L1
605,L1
606,L1
607,L1
608,L1
609,L1
610,L2
611,L1
612,L1
613,L1
614,L1
615,L1
616,L1
617,L1
618,L1
619,L1
620,L1
621,L1
622,L1
623,L2
624,L2
625,L1
626,L1
627,L1
628,L1
629,L1
630,L1
631,L1
632,L3
633,L1
634,L1
635,L1
636,L1
637,L1
638,L1
639,L1
640,L2
641,L1
642,L2
643,L1
644,L2
645,L1
646,L1
647,L1
648,L1
649,L3
650,L1
651,L1
652,L1
653,L1
654,L1
655,L1
656,L1
657,L1
658,L1
659,L1
660,L2
661,L1
662,L1
663,L1
664,L1
665,L1
666,L2
667,L2
668,L1
669,L1
670,L1
671,L2
672,L1
673,L2
674,L1
675,L1
676,L2
677,L1
678,L1
679,L1
680,L1
681,L2
682,L1
683,L1
684,L1
685,L1
686,L1
687,L1
688,L1
689,L2
690,L1
691,L1
692,L1
693,L1
694,L2
695,L1
696,L1
697,L1
698,L1
699,L1
700,L1
701,L1
702,L1
703,L2
704,L1
705,L1
706,L1
707,L2
708,L1
709,L2
710,L2
711,L1
712,L1
713,L1
714,L1
715,L1
716,L1
717,L1
718,L1
719,L1
720,L1
721,L1
722,L1
723,L1
724,L1
725,L1
726,L1
727,L1
728,L1
729,L1
730,L1
731,L1
732,L1
733,L1
734,L2
735,L1
736,L2
737,L1
738,L1
739,L1
740,L1
741,L1
742,L2
743,L1
744,L1
745,L1
746,L1
747,L1
748,L1
749,L2
750,L1
751,L1
752,L1
753,L1
754,L2
755,L1
756,L1
757,L1
758,L1
759,L1
760,L1
761,L1
762,L1
763,L1
764,L1
765,L1
766,L1
767,L2
768,L1
769,L1
770,L1
771,L1
772,L1
773,L1
774,L1
775,L2
776,L1
777,L1
778,L1
779,L1
780,L1
781,L1
782,L2
783,L2
784,L1
785,L1
786,L1
787,L1
788,L1
789,L1
790,L1
791,L1
792,L1
793,L1
794,L1
795,L1
796,L1
797,L1
798,L1
799,L1
800,L1
801,L1
802,L1
803,L1
804,L1
805,L1
806,L2
807,L1
808,L1
809,L1
810,L1
811,L2
812,L1
813,L1
814,L1
815,L1
816,L1
817,L1
818,L1
819,L1
820,L2
821,L1
822,L1
823,L2
824,L2
825,L1
826,L1
827,L1
828,L1
829,L1
830,L1
831,L1
832,L1
833,L1
834,L1
835,L1
836,L1
837,L1
838,L1
839,L1
840,L1
841,L1
842,L1
843,L1
844,L1
845,L1
846,L1
847,L1
848,L1
849,L1
850,L1
851,L1
852,L2
853,L1
854,L2
855,L1
856,L1
857,L1
858,L1
859,L1
860,L1
861,L1
862,L1
863,L1
864,L1
865,L1
866,L1
867,L1
868,L1
869,L1
870,L1
871,L1
872,L1
873,L1
874,L1
875,L1
876,L1
877,L1
878,L1
879,L1
880,L1
881,L1
882,L1
883,L3
884,L1
885,L1
886,L1
887,L1
888,L1
889,L1
890,L1
891,L2
892,L1
893,L1
894,L1
895,L1
896,L1
897,L1
898,L1
899,L1
900,L1
901,L1
902,L1
903,L1
904,L1
905,L1
906,L1
907,L3
908,L1
909,L1
910,L3
911,L1
912,L1
913,L1
914,L2
915,L1
916,L1
917,L1
918,L1
919,L1
920,L1
921,L1
922,L1
923,L3
924,L1
925,L2
926,L1
927,L1
928,L1
929,L1
930,L1
931,L2
932,L2
933,L1
934,L1
935,L1
936,L1
937,L1
938,L3
939,L1
940,L1
941,L1
942,L1
943,L1
944,L1
945,L1
946,L1
947,L1
948,L1
949,L1
950,L1
951,L1
952,L1
953,L1
954,L1
955,L1
956,L1
957,L1
958,L1
959,L1
960,L1
961,L2
962,L1
963,L1
964,L1
965,L3
966,L2
967,L3
968,L1
969,L1
970,L1
971,L1
972,L1
973,L1
974,L1
975,L1
976,L1
977,L1
978,L1
979,L1
980,L1
981,L2
982,L1
983,L1
984,L1
985,L1
986,L1
987,L1
988,L1
989,L1
990,L1
991,L1
992,L1
993,L1
994,L2
995,L1
996,L2
997,L1
998,L1
999,L1
1000,L1
1001,L1
1002,L1
1003,L1
1004,L1
1005,L1
1006,L1
1007,L1
1008,L2
1009,L1
1010,L1
1011,L2
1012,L2
1013,L1
1014,L1
1015,L1
1016,L1
1017,L1
1018,L1
1019,L1
1020,L1
1021,L1
1022,L2
1023,L1
1024,L1
1025,L1
1026,L1
1027,L1
1028,L1
1029,L2
1030,L1
1031,L1
1032,L1
1033,L1
1034,L1
1035,L1
1036,L1
1037,L1
1038,L1
1039,L1
1040,L1
1041,L1
1042,L1
1043,L1
1044,L1
1045,L2
1046,L1
1047,L1
1048,L1
1049,L1
1050,L1
1051,L1
1052,L1
1053,L1
1054,L1
1055,L1
1056,L1
1057,L1
1058,L1
1059,L1
1060,L1
1061,L1
1062,L1
1063,L1
1064,L1
1065,L1
1066,L1
1067,L1
1068,L1
1069,L1
1070,L1
1071,L1
1072,L1
1073,L1
1074,L3
1075,L1
1076,L1
1077,L1
1078,L1
1079,L1
1080,L1
1081,L1
1082,L2
1083,L1
1084,L1
1085,L1
1086,L1
1087,L1
1088,L1
1089,L1
1090,L1
1091,L1
1092,L1
1093,L1
1094,L1
1095,L1
1096,L1
1097,L2
1098,L1
1099,L1
1100,L1
1101,L1
1102,L1
1103,L1
1104,L1
1105,L1
1106,L1
1107,L1
1108,L1
1109,L1
1110,L1
1111,L1
1112,L3
1113,L1
1114,L1
1115,L1
1116,L1
1117,L1
1118,L1
1119,L1
1120,L1
1121,L1
1122,L1
1123,L1
1124,L1
1125,L1
1126,L1
1127,L1
1128,L2
1129,L1
1130,L1
1131,L2
1132,L1
1133,L1
1134,L1
1135,L2
1136,L1
1137,L1
1138,L1
1139,L1
1140,L1
1141,L1
1142,L1
1143,L1
1144,L1
1145,L1
1146,L1
1147,L1
1148,L1
1149,L1
1150,L1
1151,L1
1152,L1
1153,L2
1154,L1
1155,L1
1156,L1
1157,L1
1158,L1
1159,L1
1160,L1
1161,L1
1162,L1
1163,L1
1164,L1
1165,L1
1166,L1
1167,L1
1168,L1
1169,L1
1170,L1
1171,L1
1172,L1
1173,L1
1174,L1
1175,L1
1176,L1
1177,L1
1178,L1
1179,L1
1180,L1
1181,L1
1182,L1
1183,L2
1184,L1
1185,L1
1186,L1
1187,L2
1188,L1
1189,L1
1190,L1
1191,L2
1192,L1
1193,L1
1194,L1
1195,L1
1196,L1
1197,L1
1198,L1
1199,L1
1200,L2
1201,L1
1202,L1
1203,L1
1204,L2
1205,L1
1206,L1
1207,L1
1208,L2
1209,L1
1210,L1
1211,L1
1212,L1
1213,L1
1214,L1
1215,L1
1216,L1
1217,L1
1218,L1
1219,L2
1220,L1
1221,L1
1222,L1
1223,L1
1224,L1
1225,L3
1226,L1
1227,L1
1228,L1
1229,L1
1230,L1
1231,L1
1232,L1
1233,L1
1234,L1
1235,L1
1236,L1
1237,L1
1238,L1
1239,L1
1240,L1
1241,L1
1242,L1
1243,L1
1244,L1
1245,L1
1246,L1
1247,L1
1248,L1
1249,L1
1250,L1
1251,L1
1252,L1
1253,L1
1254,L1
1255,L1
1256,L1
1257,L1
1258,L1
1259,L1
1260,L1
1261,L1
1262,L1
1263,L1
1264,L1
1265,L1
1266,L1
1267,L1
1268,L1
1269,L1
1270,L1
1271,L1
1272,L1
1273,L1
1274,L1
1275,L1
1276,L1
1277,L1
1278,L1
1279,L2
1280,L1
1281,L1
1282,L1
1283,L1
1284,L1
1285,L2
1286,L1
1287,L1
1288,L1
1289,L1
1290,L1
1291,L1
1292,L1
1293,L1
1294,L1
1295,L1
1296,L1
1297,L1
1298,L1
1299,L1
1300,L1
1301,L1
1302,L1
1303,L2
1304,L1
1305,L1
1306,L1
1307,L1
1308,L1
1309,L1
1310,L1
1311,L1
1312,L1
1313,L1
1314,L1
1315,L1
1316,L1
1317,L1
1318,L1
1319,L1
1320,L1
1321,L2
1322,L1
1323,L1
1324,L1
1325,L1
1326,L1
1327,L1
1328,L2
1329,L1
1330,L1
1331,L2
1332,L1
1333,L1
1334,L1
1335,L2
1336,L1
1337,L1
1338,L1
1339,L1
1340,L1
1341,L2
1342,L1
1343,L2
1344,L1
1345,L1
1346,L1
1347,L2
1348,L2
1349,L1
1350,L1
1351,L1
1352,L2
1353,L2
1354,L1
1355,L1
1356,L1
1357,L1
1358,L1
1359,L1
1360,L1
1361,L1
1362,L2
1363,L1
1364,L1
1365,L1
1366,L3
1367,L1
1368,L1
1369,L1
1370,L1
1371,L1
1372,L1
1373,L1
1374,L1
1375,L1
1376,L1
1377,L1
1378,L1
1379,L1
1380,L2
1381,L1
1382,L2
1383,L1
1384,L1
1385,L1
1386,L1
1387,L1
1388,L2
1389,L1
1390,L1
1391,L1
1392,L1
1393,L1
1394,L1
1395,L1
1396,L1
1397,L1
1398,L1
1399,L1
1400,L1
1401,L1
1402,L2
1403,L2
1404,L1
1405,L1
1406,L1
1407,L1
1408,L1
1409,L1
1410,L1
1411,L1
1412,L1
1413,L1
1414,L1
1415,L1
1416,L1
1417,L2
1418,L3
1419,L1
1420,L1
1421,L1
1422,L1
1423,L1
1424,L2
1425,L1
1426,L1
1427,L1
1428,L1
1429,L1
1430,L1
1431,L2
1432,L1
1433,L1
1434,L1
1435,L1
1436,L1
1437,L1
1438,L1
1439,L1
1440,L1
1441,L1
1442,L1
1443,L1
1444,L1
1445,L2
1446,L2
1447,L1
1448,L1
1449,L1
1450,L2
1451,L1
1452,L1
1453,L1
1454,L1
1455,L1
1456,L1
1457,L1
1458,L1
1459,L1
1460,L1
1461,L1
1462,L1
1463,L1
1464,L1
1465,L1
1466,L1
1467,L2
1468,L1
1469,L2
1470,L1
1471,L1
1472,L1
1473,L1
1474,L1
1475,L2
1476,L1
1477,L1
1478,L1
1479,L1
1480,L1
1481,L1
1482,L2
1483,L1
1484,L1
1485,L1
1486,L1
1487,L1
1488,L1
1489,L1
1490,L1
1491,L1
1492,L2
1493,L1
1494,L1
1495,L1
1496,L1
1497,L2
1498,L1
1499,L1
1500,L2
1501,L1
1502,L1
1503,L1
1504,L1
1505,L1
1506,L1
1507,L1
1508,L1
1509,L1
1510,L1
1511,L1
1512,L1
1513,L2
1514,L1
1515,L1
1516,L1
1517,L1
1518,L2
1519,L1
1520,L1
1521,L1
1522,L1
1523,L1
1524,L1
1525,L1
1526,L1
1527,L1
1528,L1
1529,L1
1530,L1
1531,L2
1532,L1
1533,L1
1534,L1
1535,L1
1536,L1
1537,L1
1538,L1
1539,L1
1540,L1
1541,L1
1542,L1
1543,L1
1544,L1
1545,L1
1546,L1
1547,L2
1548,L1
1549,L1
1550,L1
1551,L1
1552,L1
1553,L1
1554,L1
1555,L1
1556,L1
1557,L1
1558,L1
1559,L1
1560,L1
1561,L1
1562,L1
1563,L1
1564,L1
1565,L1
1566,L1
1567,L1
1568,L1
1569,L1
1570,L1
1571,L1
1572,L1
1573,L1
1574,L1
1575,L1
1576,L1
1577,L1
1578,L2
1579,L2
1580,L1
1581,L1
1582,L1
1583,L1
1584,L1
1585,L1
1586,L1
1587,L1
1588,L1
1589,L1
1590,L1
1591,L1
1592,L1
1593,L1
1594,L1
1595,L1
1596,L1
1597,L1
1598,L1
1599,L1
1600,L1
1601,L1
1602,L1
1603,L1
1604,L1
1605,L1
1606,L1
1607,L1
1608,L1
1609,L1
1610,L1
1611,L1
1612,L1
1613,L1
1614,L1
1615,L1
1616,L1
1617,L1
1618,L1
1619,L1
1620,L1
1621,L1
1622,L1
1623,L1
1624,L1
1625,L1
1626,L1
1627,L1
1628,L2
1629,L1
1630,L1
1631,L1
1632,L1
1633,L1
1634,L1
1635,L1
1636,L1
1637,L1
1638,L2
1639,L2
1640,L1
1641,L2
1642,L1
1643,L2
1644,L1
1645,L1
1646,L1
1647,L1
1648,L1
1649,L1
1650,L1
1651,L2
1652,L1
1653,L1
1654,L1
1655,L1
1656,L1
1657,L1
1658,L1
1659,L1
1660,L1
1661,L1
1662,L1
1663,L1
1664,L2
1665,L1
1666,L1
1667,L1
1668,L1
1669,L1
1670,L1
1671,L1
1672,L1
1673,L1
1674,L1
1675,L1
1676,L1
1677,L2
1678,L1
1679,L1
1680,L1
1681,L1
1682,L2
1683,L1
1684,L1
1685,L1
1686,L1
1687,L1
1688,L1
1689,L1
1690,L1
1691,L1
1692,L1
1693,L2
1694,L1
1695,L1
1696,L1
1697,L1
1698,L1
1699,L1
1700,L1
1701,L1
1702,L1
1703,L1
1704,L2
1705,L1
1706,L1
1707,L1
1708,L1
1709,L1
1710,L1
1711,L1
1712,L1
1713,L1
1714,L1
1715,L1
1716,L1
1717,L1
1718,L1
1719,L1
1720,L1
1721,L1
1722,L1
1723,L1
1724,L1
1725,L1
1726,L1
1727,L1
1728,L1
1729,L1
1730,L1
1731,L1
1732,L1
1733,L1
1734,L1
1735,L1
1736,L1
1737,L1
1738,L1
1739,L1
1740,L2
1741,L1
1742,L1
1743,L1
1744,L1
1745,L1
1746,L2
1747,L1
1748,L1
1749,L1
1750,L1
1751,L1
1752,L1
1753,L2
1754,L1
1755,L1
1756,L1
1757,L1
1758,L1
1759,L1
1760,L1
1761,L1
1762,L1
1763,L1
1764,L1
1765,L1
1766,L1
1767,L1
1768,L1
1769,L1
1770,L1
1771,L1
1772,L1
1773,L1
1774,L1
1775,L1
1776,L1
1777,L1
1778,L1
1779,L2
1780,L1
1781,L1
1782,L1
1783,L1
1784,L1
1785,L1
1786,L1
1787,L1
1788,L1
1789,L2
1790,L1
1791,L1
1792,L1
1793,L3
1794,L1
1795,L1
1796,L1
1797,L2
1798,L2
1799,L1
1800,L1
1801,L2
1802,L1
1803,L1
1804,L1
1805,L1
1806,L1
1807,L1
1808,L1
1809,L1
1810,L1
1811,L1
1812,L1
1813,L1
1814,L1
1815,L1
1816,L1
1817,L1
1818,L1
1819,L1
1820,L2
1821,L1
1822,L1
1823,L1
1824,L1
1825,L1
1826,L1
1827,L1
1828,L1
1829,L1
1830,L1
1831,L1
1832,L1
1833,L1
1834,L1
1835,L1
1836,L1
1837,L1
1838,L1
1839,L1
1840,L1
1841,L1
1842,L1
1843,L1
1844,L2
1845,L1
1846,L1
1847,L1
1848,L1
1849,L1
1850,L1
1851,L1
1852,L1
1853,L1
1854,L1
1855,L1
1856,L1
1857,L1
1858,L1
1859,L1
1860,L1
1861,L1
1862,L1
1863,L1
1864,L1
1865,L1
1866,L1
1867,L1
1868,L1
1869,L1
1870,L1
1871,L1
1872,L1
1873,L1
1874,L1
1875,L1
1876,L1
1877,L2
1878,L1
1879,L1
1880,L1
1881,L1
1882,L1
1883,L1
1884,L2
1885,L1
1886,L1
1887,L2
1888,L1
1889,L1
1890,L1
1891,L1
1892,L1
1893,L1
1894,L1
1895,L1
1896,L1
1897,L1
1898,L1
1899,L1
1900,L1
1901,L1
1902,L1
1903,L1
1904,L1
1905,L1
1906,L1
1907,L1
1908,L1
1909,L1
1910,L1
1911,L2
1912,L3
1913,L1
1914,L1
1915,L1
1916,L1
1917,L1
1918,L2
1919,L1
1920,L2
1921,L1
1922,L1
1923,L2
1924,L1
1925,L2
1926,L1
1927,L1
1928,L1
1929,L1
1930,L1
1931,L1
1932,L1
1933,L1
1934,L1
1935,L1
1936,L1
1937,L1
1938,L1
1939,L1
1940,L1
1941,L1
1942,L2
1943,L1
1944,L1
1945,L1
1946,L2
1947,L1
1948,L2
1949,L1
1950,L1
1951,L1
1952,L1
1953,L1
1954,L1
1955,L1
1956,L1
1957,L1
1958,L1
1959,L1
1960,L1
1961,L1
1962,L2
1963,L1
1964,L1
1965,L1
1966,L1
1967,L1
1968,L1
1969,L1
1970,L1
1971,L1
1972,L1
1973,L1
1974,L1
1975,L1
1976,L1
1977,L1
1978,L1
1979,L1
1980,L1
1981,L1
1982,L1
1983,L1
1984,L1
1985,L1
1986,L1
1987,L1
1988,L1
1989,L2
1990,L1
1991,L1
1992,L1
1993,L2
1994,L1
1995,L2
1996,L1
1997,L1
1998,L1
1999,L1
2000,L1
2001,L1
2002,L1
2003,L1
2004,L1
2005,L2
2006,L2
2007,L1
2008,L2
2009,L1
2010,L1
2011,L1
2012,L1
2013,L1
2014,L1
2015,L1
2016,L1
2017,L1
2018,L1
2019,L2
2020,L1
2021,L1
2022,L1
2023,L1
2024,L2
2025,L1
2026,L1
2027,L1
2028,L1
2029,L2
2030,L1
2031,L1
2032,L1
2033,L1
2034,L1
2035,L1
2036,L1
2037,L1
2038,L2
2039,L1
2040,L1
2041,L1
2042,L1
2043,L1
2044,L1
2045,L1
2046,L1
2047,L1
2048,L1
2049,L1
2050,L1
2051,L1
2052,L1
2053,L1
2054,L1
2055,L1
2056,L1
2057,L1
2058,L1
2059,L1
2060,L1
2061,L1
2062,L1
2063,L1
2064,L1
2065,L1
2066,L1
2067,L1
2068,L2
2069,L1
2070,L1
2071,L1
2072,L1
2073,L1
2074,L1
2075,L3
2076,L1
2077,L1
2078,L1
2079,L1
2080,L1
2081,L1
2082,L1
2083,L1
2084,L1
2085,L1
2086,L1
2087,L1
2088,L1
2089,L1
2090,L1
2091,L1
2092,L1
2093,L2
2094,L1
2095,L1
2096,L1
2097,L1
2098,L2
2099,L1
2100,L1
2101,L1
2102,L1
2103,L1
2104,L1
2105,L1
2106,L1
2107,L1
2108,L1
2109,L1
2110,L1
2111,L1
2112,L1
2113,L1
2114,L1
2115,L1
2116,L1
2117,L1
2118,L1
2119,L1
2120,L1
2121,L1
2122,L2
2123,L1
2124,L1
2125,L1
2126,L1
2127,L1
2128,L1
2129,L1
2130,L1
2131,L1
2132,L1
2133,L1
2134,L1
2135,L1
2136,L1
2137,L2
2138,L1
2139,L2
2140,L1
2141,L1
2142,L1
2143,L2
2144,L1
2145,L3
2146,L1
2147,L2
2148,L1
2149,L1
2150,L1
2151,L1
2152,L1
2153,L1
2154,L1
2155,L1
2156,L1
2157,L1
2158,L1
2159,L1
2160,L2
2161,L1
2162,L1
2163,L1
2164,L1
2165,L1
2166,L1
2167,L1
2168,L1
2169,L3
2170,L1
2171,L2
2172,L3
2173,L1
2174,L1
2175,L1
2176,L1
2177,L1
2178,L1
2179,L1
2180,L1
2181,L1
2182,L1
2183,L1
2184,L1
2185,L2
2186,L1
2187,L1
2188,L1
2189,L1
2190,L1
2191,L1
2192,L1
2193,L1
2194,L1
2195,L1
2196,L1
2197,L1
2198,L1
2199,L1
2200,L1
2201,L1
2202,L1
2203,L1
2204,L1
2205,L1
2206,L1
2207,L1
2208,L1
2209,L1
2210,L1
2211,L1
2212,L1
2213,L1
2214,L1
2215,L1
2216,L1
2217,L1
2218,L1
2219,L1
2220,L1
2221,L1
2222,L2
2223,L1
2224,L1
2225,L1
2226,L1
2227,L1
2228,L2
2229,L1
2230,L2
2231,L1
2232,L1
2233,L2
2234,L1
2235,L2
2236,L1
2237,L2
2238,L1
2239,L1
2240,L1
2241,L1
2242,L1
2243,L1
2244,L1
2245,L1
2246,L1
2247,L1
2248,L1
2249,L1
2250,L1
2251,L1
2252,L1
2253,L1
2254,L1
2255,L1
2256,L1
2257,L1
2258,L1
2259,L1
2260,L1
2261,L1
2262,L1
2263,L1
2264,L1
2265,L1
2266,L2
2267,L1
2268,L1
2269,L1
2270,L1
2271,L1
2272,L1
2273,L1
2274,L1
2275,L1
2276,L1
2277,L1
2278,L2
2279,L1
2280,L1
2281,L1
2282,L1
2283,L1
2284,L1
2285,L1
2286,L1
2287,L1
2288,L1
2289,L1
2290,L2
2291,L1
2292,L1
2293,L1
2294,L1
2295,L1
2296,L1
2297,L3
2298,L2
2299,L1
2300,L1
2301,L2
2302,L1
2303,L1
2304,L1
2305,L1
2306,L1
2307,L1
2308,L1
2309,L1
2310,L1
2311,L1
2312,L1
2313,L1
2314,L2
2315,L1
2316,L1
2317,L1
2318,L1
2319,L1
2320,L1
2321,L1
2322,L1
2323,L1
2324,L1
2325,L1
2326,L1
2327,L2
2328,L1
2329,L1
2330,L1
2331,L1
2332,L1
2333,L1
2334,L2
2335,L1
2336,L1
2337,L1
2338,L1
2339,L1
2340,L1
2341,L1
2342,L1
2343,L1
2344,L1
2345,L1
2346,L1
2347,L1
2348,L1
2349,L1
2350,L1
2351,L1
2352,L1
2353,L1
2354,L1
2355,L3
2356,L1
2357,L1
2358,L1
2359,L2
2360,L1
2361,L1
2362,L1
2363,L1
2364,L1
2365,L2
2366,L1
2367,L1
2368,L1
2369,L1
2370,L1
2371,L1
2372,L1
2373,L1
2374,L1
2375,L1
2376,L1
2377,L1
2378,L1
2379,L1
2380,L1
2381,L1
2382,L1
2383,L1
2384,L1
2385,L1
2386,L1
2387,L1
2388,L1
2389,L1
2390,L1
2391,L1
2392,L2
2393,L2
2394,L1
2395,L1
2396,L1
2397,L1
2398,L1
2399,L1
2400,L1
2401,L1
2402,L2
2403,L1
2404,L1
2405,L1
2406,L1
2407,L1
2408,L1
2409,L1
2410,L1
2411,L1
2412,L1
2413,L1
2414,L1
2415,L1
2416,L1
2417,L1
2418,L1
2419,L1
2420,L1
2421,L1
2422,L1
2423,L1
2424,L1
2425,L1
2426,L1
2427,L1
2428,L1
2429,L1
2430,L1
2431,L1
2432,L1
2433,L1
2434,L3
2435,L1
2436,L1
2437,L1
2438,L1
2439,L1
2440,L1
2441,L1
2442,L1
2443,L1
2444,L1
2445,L1
2446,L1
2447,L1
2448,L2
2449,L1
2450,L1
2451,L1
2452,L1
2453,L1
2454,L1
2455,L1
2456,L1
2457,L1
2458,L1
2459,L1
2460,L1
2461,L1
2462,L1
2463,L1
2464,L1
2465,L1
2466,L1
2467,L1
2468,L1
2469,L1
2470,L1
2471,L1
2472,L1
2473,L1
2474,L1
2475,L1
2476,L1
2477,L1
2478,L1
2479,L1
2480,L1
2481,L1
2482,L1
2483,L1
2484,L1
2485,L1
2486,L1
2487,L1
2488,L2
2489,L1
2490,L1
2491,L1
2492,L1
2493,L3
2494,L1
2495,L1
2496,L1
2497,L1
2498,L1
2499,L1
2500,L1
2501,L1
2502,L1
2503,L1
2504,L1
2505,L1
2506,L2
2507,L1
2508,L1
2509,L1
2510,L1
2511,L1
2512,L1
2513,L1
2514,L2
2515,L1
2516,L1
2517,L2
2518,L1
2519,L1
2520,L1
2521,L1
2522,L1
2523,L2
2524,L1
2525,L1
2526,L1
2527,L1
2528,L1
2529,L1
2530,L1
2531,L1
2532,L1
2533,L1
2534,L1
2535,L1
2536,L1
2537,L1
2538,L1
2539,L1
2540,L1
2541,L1
2542,L1
2543,L2
2544,L1
2545,L1
2546,L1
2547,L1
2548,L1
2549,L2
2550,L1
2551,L2
2552,L1
2553,L2
2554,L1
2555,L1
2556,L1
2557,L1
2558,L1
2559,L1
2560,L1
2561,L1
2562,L1
2563,L1
2564,L1
2565,L1
2566,L1
2567,L1
2568,L1
2569,L1
2570,L1
2571,L1
2572,L1
2573,L1
2574,L1
2575,L2
2576,L1
2577,L1
2578,L1
2579,L1
2580,L2
2581,L1
2582,L1
2583,L1
2584,L1
2585,L1
2586,L1
2587,L1
2588,L1
2589,L1
2590,L1
2591,L1
2592,L1
2593,L1
2594,L1
2595,L1
2596,L1
2597,L1
2598,L1
2599,L1
2600,L1
2601,L1
2602,L1
2603,L1
2604,L1
2605,L1
2606,L2
2607,L1
2608,L1
2609,L2
2610,L1
2611,L2
2612,L1
2613,L1
2614,L1
2615,L1
2616,L1
2617,L1
2618,L1
2619,L1
2620,L1
2621,L1
2622,L1
2623,L1
2624,L1
2625,L1
2626,L1
2627,L1
2628,L1
2629,L1
2630,L1
2631,L1
2632,L1
2633,L1
2634,L1
2635,L1
2636,L1
2637,L1
2638,L1
2639,L1
2640,L1
2641,L1
2642,L1
2643,L1
2644,L1
2645,L1
2646,L1
2647,L2
2648,L1
2649,L1
2650,L1
2651,L1
2652,L1
2653,L1
2654,L1
2655,L1
2656,L2
2657,L1
2658,L1
2659,L1
2660,L1
2661,L2
2662,L1
2663,L1
2664,L1
2665,L1
2666,L1
2667,L1
2668,L2
2669,L1
2670,L1
2671,L1
2672,L1
2673,L1
2674,L2
2675,L1
2676,L1
2677,L1
2678,L1
2679,L2
2680,L1
2681,L1
2682,L1
2683,L1
2684,L1
2685,L1
2686,L1
2687,L1
2688,L1
2689,L1
2690,L1
2691,L1
2692,L1
2693,L1
2694,L1
2695,L2
2696,L1
2697,L1
2698,L1
2699,L1
2700,L1
2701,L1
2702,L1
2703,L1
2704,L1
2705,L1
2706,L2
2707,L1
2708,L1
2709,L1
2710,L1
2711,L1
2712,L1
2713,L1
2714,L1
2715,L3
2716,L2
2717,L2
2718,L1
2719,L1
2720,L1
2721,L1
2722,L3
2723,L1
2724,L1
2725,L2
2726,L1
2727,L1
2728,L1
2729,L1
2730,L2
2731,L1
2732,L1
2733,L1
2734,L1
2735,L1
2736,L1
2737,L1
2738,L1
2739,L1
2740,L1
2741,L1
2742,L1
2743,L3
2744,L1
2745,L1
2746,L1
2747,L1
2748,L1
2749,L1
2750,L1
2751,L1
2752,L1
2753,L1
2754,L1
2755,L1
2756,L1
2757,L1
2758,L1
2759,L1
2760,L1
2761,L1
2762,L1
2763,L1
2764,L1
2765,L1
2766,L1
2767,L2
2768,L1
2769,L1
2770,L1
2771,L1
2772,L1
2773,L1
2774,L1
2775,L1
2776,L1
2777,L2
2778,L1
2779,L1
2780,L1
2781,L1
2782,L1
2783,L2
2784,L1
2785,L1
2786,L1
2787,L1
2788,L1
2789,L1
2790,L1
2791,L1
2792,L1
2793,L1
2794,L1
2795,L1
2796,L1
2797,L1
2798,L1
2799,L1
2800,L1
2801,L1
2802,L1
2803,L1
2804,L1
2805,L1
2806,L1
2807,L1
2808,L1
2809,L1
2810,L1
2811,L1
2812,L1
2813,L1
2814,L1
2815,L1
2816,L1
2817,L1
2818,L1
2819,L1
2820,L1
2821,L1
2822,L1
2823,L1
2824,L3
2825,L1
2826,L1
2827,L1
2828,L1
2829,L1
2830,L1
2831,L2
2832,L1
2833,L1
2834,L1
2835,L1
2836,L1
2837,L1
2838,L1
2839,L1
2840,L1
2841,L1
2842,L1
2843,L1
2844,L1
2845,L2
2846,L1
2847,L1
2848,L1
2849,L1
2850,L1
2851,L1
2852,L1
2853,L1
2854,L1
2855,L1
2856,L1
2857,L1
2858,L1
2859,L1
2860,L1
2861,L1
2862,L1
2863,L1
2864,L1
2865,L1
2866,L1
2867,L1
2868,L1
2869,L2
2870,L3
2871,L1
2872,L1
2873,L2
2874,L3
2875,L1
2876,L1
2877,L1
2878,L1
2879,L2
2880,L1
2881,L1
2882,L1
2883,L1
2884,L1
2885,L1
2886,L1
2887,L1
2888,L1
2889,L2
2890,L1
2891,L1
2892,L1
2893,L1
2894,L1
2895,L1
2896,L1
2897,L1
2898,L1
2899,L1
2900,L1
2901,L1
2902,L1
2903,L1
2904,L1
2905,L1
2906,L1
2907,L2
2908,L1
2909,L1
2910,L1
2911,L1
2912,L1
2913,L1
2914,L1
2915,L1
2916,L1
2917,L1
2918,L1
2919,L1
2920,L1
2921,L1
2922,L1
2923,L1
2924,L1
2925,L1
2926,L1
2927,L1
2928,L1
2929,L1
2930,L2
2931,L1
2932,L2
2933,L1
2934,L1
2935,L1
2936,L1
2937,L1
2938,L1
2939,L2
2940,L1
2941,L1
2942,L1
2943,L1
2944,L1
2945,L1
2946,L1
2947,L1
2948,L3
2949,L1
2950,L1
2951,L1
2952,L2
2953,L1
2954,L1
2955,L1
2956,L1
2957,L2
2958,L1
2959,L1
2960,L3
2961,L1
2962,L1
2963,L1
2964,L1
2965,L1
2966,L2
2967,L1
2968,L1
2969,L1
2970,L1
2971,L1
2972,L1
2973,L2
2974,L1
2975,L1
2976,L1
2977,L1
2978,L1
2979,L1
2980,L1
2981,L1
2982,L2
2983,L1
2984,L1
2985,L1
2986,L1
2987,L1
2988,L1
2989,L1
2990,L1
2991,L1
2992,L1
2993,L1
2994,L1
2995,L1
2996,L1
2997,L1
2998,L2
2999,L1
3000,L1
3001,L1
3002,L1
3003,L1
3004,L1
3005,L1
3006,L1
3007,L1
3008,L1
3009,L2
3010,L1
3011,L1
3012,L1
3013,L1
3014,L1
3015,L1
3016,L1
3017,L1
3018,L1
3019,L1
3020,L1
3021,L1
3022,L1
3023,L1
3024,L1
3025,L1
3026,L1
3027,L1
3028,L1
3029,L1
3030,L1
3031,L1
3032,L1
3033,L1
3034,L1
3035,L2
3036,L1
3037,L1
3038,L1
3039,L1
3040,L1
3041,L1
3042,L1
3043,L1
3044,L1
3045,L1
3046,L1
3047,L1
3048,L1
3049,L1
3050,L1
3051,L1
3052,L2
3053,L1
3054,L1
3055,L1
3056,L1
3057,L1
3058,L1
3059,L1
3060,L2
3061,L1
3062,L1
3063,L1
3064,L2
3065,L1
3066,L2
3067,L1
3068,L1
3069,L1
3070,L1
3071,L1
3072,L1
3073,L1
3074,L1
3075,L1
3076,L2
3077,L2
3078,L2
3079,L1
3080,L1
3081,L1
3082,L1
3083,L1
3084,L1
3085,L1
3086,L1
3087,L1
3088,L1
3089,L1
3090,L1
3091,L1
3092,L1
3093,L1
3094,L1
3095,L1
3096,L1
3097,L1
3098,L1
3099,L1
3100,L1
3101,L1
3102,L1
3103,L1
3104,L1
3105,L1
3106,L1
3107,L1
3108,L1
3109,L1
3110,L1
3111,L1
3112,L1
3113,L1
3114,L1
3115,L1
3116,L2
3117,L2
3118,L1
3119,L1
3120,L1
3121,L1
3122,L1
3123,L1
3124,L2
3125,L1
3126,L1
3127,L1
3128,L1
3129,L1
3130,L1
3131,L1
3132,L1
3133,L1
3134,L2
3135,L1
3136,L1
3137,L2
3138,L1
3139,L1
3140,L1
3141,L2
3142,L2
3143,L1
3144,L1
3145,L2
3146,L1
3147,L1
3148,L1
3149,L1
3150,L1
3151,L1
3152,L1
3153,L1
3154,L1
3155,L1
3156,L2
3157,L1
3158,L1
3159,L1
3160,L1
3161,L1
3162,L1
3163,L1
3164,L2
3165,L1
3166,L1
3167,L1
3168,L1
3169,L1
3170,L2
3171,L1
3172,L1
3173,L1
3174,L1
3175,L1
3176,L1
3177,L1
3178,L1
3179,L2
3180,L2
3181,L2
3182,L1
3183,L1
3184,L1
3185,L1
3186,L1
3187,L1
3188,L2
3189,L2
3190,L1
3191,L1
3192,L1
3193,L1
3194,L1
3195,L1
3196,L1
3197,L1
3198,L1
3199,L1
3200,L1
3201,L1
3202,L1
3203,L1
3204,L1
3205,L1
3206,L1
3207,L1
3208,L1
3209,L1
3210,L2
3211,L1
3212,L1
3213,L1
3214,L1
3215,L1
3216,L1
3217,L1
3218,L2
3219,L1
3220,L1
3221,L1
3222,L1
3223,L1
3224,L1
3225,L1
3226,L1
3227,L1
3228,L1
3229,L1
3230,L1
3231,L1
3232,L1
3233,L1
3234,L1
3235,L1
3236,L1
3237,L1
3238,L1
3239,L1
3240,L1
3241,L2
3242,L1
3243,L1
3244,L1
3245,L1
3246,L2
3247,L2
3248,L2
3249,L1
3250,L2
3251,L1
3252,L1
3253,L1
3254,L1
3255,L1
3256,L2
3257,L1
3258,L1
3259,L1
3260,L1
3261,L1
3262,L1
3263,L1
3264,L1
3265,L1
3266,L1
3267,L1
3268,L2
3269,L1
3270,L1
3271,L1
3272,L1
3273,L1
3274,L3
3275,L1
3276,L1
3277,L2
3278,L1
3279,L1
3280,L1
3281,L1
3282,L1
3283,L1
3284,L2
3285,L1
3286,L1
3287,L1
3288,L1
3289,L1
3290,L1
3291,L1
3292,L1
3293,L1
3294,L1
3295,L1
3296,L1
3297,L1
3298,L1
3299,L1
3300,L2
3301,L1
3302,L1
3303,L1
3304,L1
3305,L1
3306,L1
3307,L2
3308,L1
3309,L2
3310,L2
3311,L1
3312,L3
3313,L1
3314,L2
3315,L1
3316,L1
3317,L1
3318,L1
3319,L1
3320,L1
3321,L1
3322,L1
3323,L1
3324,L1
3325,L1
3326,L1
3327,L1
3328,L1
3329,L1
3330,L1
3331,L1
3332,L2
3333,L2
3334,L1
3335,L1
3336,L1
3337,L2
3338,L1
3339,L1
3340,L1
3341,L1
3342,L1
3343,L1
3344,L1
3345,L1
3346,L2
3347,L1
3348,L1
3349,L1
3350,L1
3351,L1
3352,L1
3353,L1
3354,L1
3355,L1
3356,L1
3357,L1
3358,L2
3359,L1
3360,L1
3361,L1
3362,L1
3363,L1
3364,L1
3365,L1
3366,L1
3367,L1
3368,L1
3369,L1
3370,L1
3371,L1
3372,L1
3373,L1
3374,L1
3375,L1
3376,L2
3377,L2
3378,L1
3379,L1
3380,L1
3381,L1
3382,L1
3383,L1
3384,L1
3385,L1
3386,L1
3387,L1
3388,L1
3389,L1
3390,L1
3391,L1
3392,L1
3393,L1
3394,L1
3395,L1
3396,L1
3397,L1
3398,L1
3399,L1
3400,L1
3401,L1
3402,L1
3403,L1
3404,L2
3405,L1
3406,L1
3407,L1
3408,L1
3409,L1
3410,L1
3411,L1
3412,L2
3413,L1
3414,L1
3415,L1
3416,L1
3417,L1
3418,L2
3419,L1
3420,L1
3421,L1
3422,L1
3423,L1
3424,L2
3425,L1
3426,L1
3427,L1
3428,L1
3429,L1
3430,L1
3431,L1
3432,L1
3433,L1
3434,L1
3435,L1
3436,L1
3437,L1
3438,L1
3439,L1
3440,L1
3441,L1
3442,L1
3443,L1
3444,L1
3445,L1
3446,L1
3447,L1
3448,L1
3449,L2
3450,L1
3451,L1
3452,L1
3453,L1
3454,L1
3455,L1
3456,L1
3457,L1
3458,L1
3459,L1
3460,L1
3461,L1
3462,L1
3463,L1
3464,L1
3465,L1
3466,L1
3467,L1
3468,L1
3469,L1
3470,L1
3471,L1
3472,L1
3473,L1
3474,L1
3475,L1
3476,L1
3477,L1
3478,L1
3479,L1
3480,L1
3481,L1
3482,L1
3483,L2
3484,L1
3485,L1
3486,L2
3487,L1
3488,L1
3489,L1
3490,L1
3491,L1
3492,L1
3493,L1
3494,L1
3495,L1
3496,L1
3497,L1
3498,L1
3499,L1
3500,L1
3501,L1
3502,L1
3503,L1
3504,L1
3505,L2
3506,L1
3507,L2
3508,L1
3509,L1
3510,L1
3511,L2
3512,L2
3513,L1
3514,L1
3515,L1
3516,L1
3517,L1
3518,L1
3519,L1
3520,L1
3521,L2
3522,L1
3523,L1
3524,L1
3525,L2
3526,L1
3527,L1
3528,L1
3529,L1
3530,L1
3531,L1
3532,L1
3533,L1
3534,L1
3535,L1
3536,L1
3537,L1
3538,L1
3539,L1
3540,L2
3541,L1
3542,L1
3543,L1
3544,L1
3545,L2
3546,L1
3547,L1
3548,L1
3549,L1
3550,L1
3551,L1
3552,L2
3553,L1
3554,L1
3555,L1
3556,L1
3557,L2
3558,L1
3559,L1
3560,L1
3561,L1
3562,L1
3563,L1
3564,L1
3565,L1
3566,L1
3567,L1
3568,L1
3569,L1
3570,L1
3571,L1
3572,L1
3573,L1
3574,L2
3575,L1
3576,L1
3577,L1
3578,L1
3579,L1
3580,L1
3581,L1
3582,L1
3583,L1
3584,L1
3585,L1
3586,L2
3587,L1
3588,L1
3589,L1
3590,L1
3591,L2
3592,L1
3593,L1
3594,L1
3595,L1
3596,L1
3597,L1
3598,L1
3599,L1
3600,L1
3601,L1
3602,L1
3603,L1
3604,L1
3605,L1
3606,L1
3607,L1
3608,L1
3609,L1
3610,L1
3611,L2
3612,L1
3613,L1
3614,L1
3615,L1
3616,L1
3617,L1
3618,L1
3619,L2
3620,L2
3621,L1
3622,L1
3623,L1
3624,L1
3625,L1
3626,L1
3627,L1
3628,L1
3629,L1
3630,L1
3631,L1
3632,L1
3633,L1
3634,L1
3635,L1
3636,L2
3637,L1
3638,L1
3639,L1
3640,L1
3641,L1
3642,L2
3643,L1
3644,L1
3645,L1
3646,L1
3647,L1
3648,L1
3649,L1
3650,L1
3651,L1
3652,L1
3653,L1
3654,L1
3655,L1
3656,L1
3657,L1
3658,L1
3659,L1
3660,L1
3661,L2
3662,L1
3663,L2
3664,L1
3665,L1
3666,L1
3667,L2
3668,L1
3669,L1
3670,L1
3671,L1
3672,L1
3673,L1
3674,L1
3675,L1
3676,L1
3677,L2
3678,L1
3679,L1
3680,L1
3681,L1
3682,L1
3683,L1
3684,L1
3685,L1
3686,L1
3687,L1
3688,L1
3689,L1
3690,L1
3691,L1
3692,L1
3693,L1
3694,L1
3695,L1
3696,L1
3697,L2
3698,L1
3699,L2
3700,L1
3701,L1
3702,L1
3703,L1
3704,L1
3705,L1
3706,L3
3707,L1
3708,L1
3709,L1
3710,L1
3711,L2
3712,L1
3713,L1
3714,L2
3715,L1
3716,L1
3717,L1
3718,L1
3719,L1
3720,L1
3721,L1
3722,L1
3723,L1
3724,L1
3725,L1
3726,L1
3727,L1
3728,L1
3729,L1
3730,L1
3731,L1
3732,L1
3733,L1
3734,L1
3735,L1
3736,L1
3737,L1
3738,L1
3739,L1
3740,L1
3741,L1
3742,L1
3743,L1
3744,L1
3745,L1
3746,L1
3747,L1
3748,L1
3749,L1
3750,L1
3751,L1
3752,L1
3753,L1
3754,L1
3755,L1
3756,L1
3757,L1
3758,L1
3759,L1
3760,L1
3761,L1
3762,L1
3763,L1
3764,L1
3765,L1
3766,L1
3767,L1
3768,L1
3769,L1
3770,L1
3771,L1
3772,L1
3773,L1
3774,L1
3775,L1
3776,L1
3777,L1
3778,L3
3779,L1
3780,L1
3781,L2
3782,L1
3783,L1
3784,L2
3785,L1
3786,L1
3787,L1
3788,L1
3789,L1
3790,L1
3791,L1
3792,L1
3793,L1
3794,L1
3795,L1
3796,L1
3797,L1
3798,L1
3799,L1
3800,L1
3801,L1
3802,L1
3803,L1
3804,L2
3805,L1
3806,L1
3807,L1
3808,L1
3809,L1
3810,L1
3811,L1
3812,L1
3813,L1
3814,L1
3815,L2
3816,L1
3817,L1
3818,L1
3819,L1
3820,L1
3821,L2
3822,L1
3823,L1
3824,L1
3825,L1
3826,L3
3827,L1
3828,L1
3829,L1
3830,L1
3831,L1
3832,L1
3833,L1
3834,L1
3835,L1
3836,L1
3837,L1
3838,L1
3839,L1
3840,L1
3841,L1
3842,L1
3843,L1
3844,L1
3845,L1
3846,L1
3847,L1
3848,L1
3849,L1
3850,L1
3851,L1
3852,L1
3853,L1
3854,L1
3855,L1
3856,L1
3857,L1
3858,L1
3859,L1
3860,L1
3861,L1
3862,L1
3863,L1
3864,L1
3865,L1
3866,L1
3867,L1
3868,L1
3869,L1
3870,L1
3871,L1
3872,L1
3873,L1
3874,L1
3875,L1
3876,L1
3877,L1
3878,L2
3879,L2
3880,L1
3881,L1
3882,L1
3883,L1
3884,L1
3885,L1
3886,L1
3887,L1
3888,L1
3889,L1
3890,L1
3891,L1
3892,L1
3893,L1
3894,L1
3895,L1
3896,L1
3897,L1
3898,L1
3899,L1
3900,L1
3901,L1
3902,L1
3903,L1
3904,L1
3905,L1
3906,L1
3907,L1
3908,L1
3909,L1
3910,L1
3911,L1
3912,L1
3913,L1
3914,L1
3915,L1
3916,L1
3917,L1
3918,L1
3919,L1
3920,L1
3921,L1
3922,L1
3923,L1
3924,L1
3925,L1
3926,L1
3927,L1
3928,L1
3929,L1
3930,L1
3931,L1
3932,L1
3933,L1
3934,L1
3935,L1
3936,L1
3937,L1
3938,L1
3939,L1
3940,L1
3941,L1
3942,L1
3943,L1
3944,L1
3945,L1
3946,L1
3947,L1
3948,L1
3949,L1
3950,L1
3951,L1
3952,L1
3953,L1
3954,L2
3955,L1
3956,L1
3957,L1
3958,L1
3959,L2
3960,L1
3961,L1
3962,L1
3963,L1
3964,L1
3965,L1
3966,L1
3967,L1
3968,L1
3969,L1
3970,L1
3971,L1
3972,L1
3973,L1
3974,L1
3975,L1
3976,L1
3977,L1
3978,L1
3979,L1
3980,L1
3981,L1
3982,L1
3983,L1
3984,L1
3985,L1
3986,L1
3987,L1
3988,L1
3989,L1
3990,L2
3991,L1
3992,L2
3993,L2
3994,L1
3995,L2
3996,L1
3997,L1
3998,L1
3999,L1
4000,L1
4001,L1
4002,L1
4003,L1
4004,L1
4005,L1
4006,L1
4007,L1
4008,L1
4009,L1
4010,L2
4011,L1
4012,L1
4013,L3
4014,L1
4015,L1
4016,L1
4017,L2
4018,L1
4019,L1
4020,L1
4021,L1
4022,L1
4023,L1
4024,L1
4025,L1
4026,L1
4027,L1
4028,L1
4029,L1
4030,L1
4031,L2
4032,L1
4033,L1
4034,L1
4035,L1
4036,L1
4037,L1
4038,L1
4039,L1
4040,L1
4041,L1
4042,L1
4043,L1
4044,L1
4045,L2
4046,L1
4047,L2
4048,L1
4049,L1
4050,L1
4051,L1
4052,L1
4053,L1
4054,L1
4055,L1
4056,L1
4057,L1
4058,L1
4059,L1
4060,L1
4061,L1
4062,L1
4063,L1
4064,L1
4065,L1
4066,L2
4067,L1
4068,L1
4069,L1
4070,L1
4071,L1
4072,L1
4073,L1
4074,L1
4075,L1
4076,L1
4077,L2
4078,L1
4079,L1
4080,L2
4081,L1
4082,L1
4083,L1
4084,L1
4085,L1
4086,L1
4087,L1
4088,L3
4089,L1
4090,L1
4091,L1
4092,L1
4093,L1
4094,L1
4095,L1
4096,L1
4097,L1
4098,L1
4099,L1
4100,L1
4101,L1
4102,L1
4103,L2
4104,L1
4105,L2
4106,L1
4107,L1
4108,L1
4109,L1
4110,L1
4111,L1
4112,L1
4113,L1
4114,L1
4115,L1
4116,L1
4117,L1
4118,L1
4119,L1
4120,L1
4121,L1
4122,L1
4123,L1
4124,L1
4125,L1
4126,L1
4127,L1
4128,L1
4129,L1
4130,L1
4131,L2
4132,L1
4133,L1
4134,L1
4135,L1
4136,L1
4137,L1
4138,L1
4139,L1
4140,L2
4141,L2
4142,L1
4143,L2
4144,L1
4145,L1
4146,L1
4147,L1
4148,L1
4149,L1
4150,L1
4151,L1
4152,L1
4153,L1
4154,L1
4155,L1
4156,L1
4157,L1
4158,L1
4159,L1
4160,L1
4161,L1
4162,L1
4163,L1
4164,L1
4165,L1
4166,L1
4167,L1
4168,L1
4169,L1
4170,L1
4171,L1
4172,L1
4173,L1
4174,L1
4175,L1
4176,L1
4177,L1
4178,L1
4179,L1
4180,L1
4181,L2
4182,L3
4183,L1
4184,L2
4185,L1
4186,L1
4187,L1
4188,L2
4189,L2
4190,L1
4191,L1
4192,L1
4193,L1
4194,L2
4195,L1
4196,L1
4197,L1
4198,L1
4199,L1
4200,L1
4201,L1
4202,L3
4203,L1
4204,L1
4205,L1
4206,L1
4207,L1
4208,L1
4209,L1
4210,L1
4211,L2
4212,L1
4213,L1
4214,L1
4215,L1
4216,L1
4217,L1
4218,L1
4219,L1
4220,L1
4221,L1
4222,L1
4223,L1
4224,L1
4225,L1
4226,L1
4227,L1
4228,L1
4229,L1
4230,L1
4231,L1
4232,L1
4233,L1
4234,L1
4235,L1
4236,L1
4237,L1
4238,L1
4239,L1
4240,L1
4241,L2
4242,L1
4243,L1
4244,L1
4245,L1
4246,L1
4247,L1
4248,L2
4249,L2
4250,L1
4251,L1
4252,L1
4253,L1
4254,L1
4255,L1
4256,L1
4257,L1
4258,L3
4259,L1
4260,L1
4261,L2
4262,L1
4263,L1
4264,L1
4265,L1
4266,L1
4267,L1
4268,L1
4269,L1
4270,L1
4271,L1
4272,L1
4273,L1
4274,L1
4275,L1
4276,L1
4277,L1
4278,L2
4279,L2
4280,L1
4281,L1
4282,L1
4283,L1
4284,L1
4285,L1
4286,L1
4287,L1
4288,L1
4289,L1
4290,L1
4291,L1
4292,L1
4293,L1
4294,L1
4295,L1
4296,L2
4297,L1
4298,L2
4299,L1
4300,L1
4301,L1
4302,L1
4303,L1
4304,L1
4305,L1
4306,L1
4307,L1
4308,L1
4309,L1
4310,L1
4311,L1
4312,L1
4313,L1
4314,L1
4315,L2
4316,L1
4317,L1
4318,L1
4319,L1
4320,L1
4321,L1
4322,L1
4323,L1
4324,L1
4325,L1
4326,L1
4327,L1
4328,L1
4329,L1
4330,L1
4331,L1
4332,L1
4333,L1
4334,L1
4335,L1
4336,L1
4337,L1
4338,L1
4339,L1
4340,L2
4341,L1
4342,L1
4343,L1
4344,L1
4345,L1
4346,L1
4347,L1
4348,L1
4349,L1
4350,L1
4351,L1
4352,L1
4353,L1
4354,L1
4355,L1
4356,L1
4357,L1
4358,L1
4359,L1
4360,L1
4361,L2
4362,L1
4363,L1
4364,L1
4365,L1
4366,L1
4367,L1
4368,L1
4369,L1
4370,L1
4371,L1
4372,L1
4373,L1
4374,L1
4375,L1
4376,L1
4377,L1
4378,L1
4379,L1
4380,L1
4381,L1
4382,L1
4383,L1
4384,L1
4385,L1
4386,L1
4387,L1
4388,L2
4389,L1
4390,L1
4391,L1
4392,L1
4393,L1
4394,L1
4395,L1
4396,L1
4397,L1
4398,L1
4399,L1
4400,L1
4401,L1
4402,L1
4403,L1
4404,L1
4405,L1
4406,L1
4407,L1
4408,L1
4409,L1
4410,L1
4411,L1
4412,L1
4413,L1
4414,L1
4415,L1
4416,L2
4417,L1
4418,L1
4419,L2
4420,L1
4421,L1
4422,L2
4423,L1
4424,L1
4425,L1
4426,L1
4427,L1
4428,L1
4429,L1
4430,L1
4431,L1
4432,L1
4433,L1
4434,L1
4435,L1
4436,L2
4437,L1
4438,L1
4439,L1
4440,L1
4441,L1
4442,L1
4443,L1
4444,L1
4445,L1
4446,L1
4447,L1
4448,L1
4449,L1
4450,L1
4451,L2
4452,L1
4453,L1
4454,L1
4455,L1
4456,L1
4457,L1
4458,L1
4459,L1
4460,L2
4461,L1
4462,L1
4463,L1
4464,L1
4465,L1
4466,L1
4467,L1
4468,L1
4469,L1
4470,L1
4471,L1
4472,L2
4473,L1
4474,L1
4475,L1
4476,L1
4477,L2
4478,L1
4479,L1
4480,L1
4481,L2
4482,L1
4483,L1
4484,L1
4485,L1
4486,L1
4487,L1
4488,L1
4489,L1
4490,L1
4491,L1
4492,L1
4493,L1
4494,L1
4495,L1
4496,L1
4497,L1
4498,L1
4499,L1
4500,L1
4501,L1
4502,L1
4503,L2
4504,L1
4505,L1
4506,L1
4507,L2
4508,L1
4509,L2
4510,L1
4511,L2
4512,L1
4513,L2
4514,L1
4515,L1
4516,L1
4517,L1
4518,L1
4519,L1
4520,L2
4521,L1
4522,L1
4523,L1
4524,L2
4525,L1
4526,L1
4527,L1
4528,L2
4529,L1
4530,L1
4531,L1
4532,L1
4533,L1
4534,L2
4535,L1
4536,L1
4537,L2
4538,L1
4539,L1
4540,L1
4541,L1
4542,L1
4543,L1
4544,L1
4545,L1
4546,L1
4547,L1
4548,L1
4549,L2
4550,L1
4551,L1
4552,L1
4553,L1
4554,L1
4555,L1
4556,L1
4557,L1
4558,L1
4559,L2
4560,L1
4561,L1
4562,L1
4563,L1
4564,L1
4565,L1
4566,L1
4567,L1
4568,L1
4569,L1
4570,L1
4571,L1
4572,L1
4573,L1
4574,L1
4575,L1
4576,L1
4577,L1
4578,L1
4579,L1
4580,L1
4581,L1
4582,L1
4583,L1
4584,L1
4585,L2
4586,L2
4587,L1
4588,L1
4589,L1
4590,L1
4591,L1
4592,L1
4593,L2
4594,L2
4595,L1
4596,L1
4597,L2
4598,L1
4599,L1
4600,L1
4601,L1
4602,L1
4603,L1
4604,L1
4605,L1
4606,L1
4607,L1
4608,L1
4609,L1
4610,L1
4611,L1
4612,L2
4613,L1
4614,L1
4615,L2
4616,L1
4617,L1
4618,L2
4619,L1
4620,L1
4621,L1
4622,L1
4623,L1
4624,L1
4625,L1
4626,L1
4627,L1
4628,L1
4629,L2
4630,L1
4631,L1
4632,L1
4633,L1
4634,L1
4635,L1
4636,L1
4637,L1
4638,L1
4639,L2
4640,L1
4641,L1
4642,L2
4643,L1
4644,L1
4645,L1
4646,L1
4647,L1
4648,L2
4649,L2
4650,L1
4651,L1
4652,L1
4653,L1
4654,L1
4655,L1
4656,L2
4657,L1
4658,L1
4659,L1
4660,L1
4661,L1
4662,L1
4663,L1
4664,L1
4665,L1
4666,L1
4667,L1
4668,L1
4669,L1
4670,L1
4671,L1
4672,L1
4673,L1
4674,L1
4675,L1
4676,L1
4677,L1
4678,L1
4679,L1
4680,L1
4681,L2
4682,L1
4683,L1
4684,L1
4685,L1
4686,L1
4687,L2
4688,L1
4689,L1
4690,L1
4691,L3
4692,L1
4693,L1
4694,L1
4695,L1
4696,L1
4697,L1
4698,L1
4699,L1
4700,L1
4701,L1
4702,L1
4703,L1
4704,L1
4705,L1
4706,L1
4707,L1
4708,L1
4709,L1
4710,L1
4711,L1
4712,L1
4713,L1
4714,L1
4715,L1
4716,L1
4717,L1
4718,L1
4719,L1
4720,L1
4721,L1
4722,L1
4723,L1
4724,L1
4725,L1
4726,L1
4727,L1
4728,L2
4729,L1
4730,L1
4731,L2
4732,L1
4733,L1
4734,L1
4735,L1
4736,L1
4737,L1
4738,L1
4739,L1
4740,L1
4741,L1
4742,L1
4743,L1
4744,L2
4745,L1
4746,L2
4747,L1
4748,L3
4749,L1
4750,L1
4751,L1
4752,L1
4753,L1
4754,L1
4755,L1
4756,L1
4757,L1
4758,L1
4759,L1
4760,L2
4761,L1
4762,L1
4763,L1
4764,L1
4765,L1
4766,L1
4767,L1
4768,L1
4769,L1
4770,L1
4771,L2
4772,L1
4773,L1
4774,L1
4775,L1
4776,L1
4777,L1
4778,L1
4779,L1
4780,L1
4781,L2
4782,L1
4783,L1
4784,L1
4785,L1
4786,L3
4787,L1
4788,L1
4789,L1
4790,L1
4791,L1
4792,L1
4793,L1
4794,L1
4795,L1
4796,L1
4797,L1
4798,L1
4799,L1
4800,L1
4801,L1
4802,L1
4803,L2
4804,L1
4805,L1
4806,L1
4807,L1
4808,L1
4809,L1
4810,L1
4811,L2
4812,L1
4813,L2
4814,L1
4815,L1
4816,L1
4817,L1
4818,L1
4819,L1
4820,L1
4821,L1
4822,L1
4823,L1
4824,L1
4825,L1
4826,L1
4827,L1
4828,L1
4829,L1
4830,L1
4831,L1
4832,L1
4833,L1
4834,L1
4835,L1
4836,L1
4837,L1
4838,L2
4839,L1
4840,L1
4841,L1
4842,L1
4843,L1
4844,L1
4845,L1
4846,L1
4847,L2
4848,L1
4849,L2
4850,L1
4851,L2
4852,L1
4853,L1
4854,L1
4855,L2
4856,L1
4857,L2
4858,L1
4859,L1
4860,L1
4861,L2
4862,L1
4863,L1
4864,L1
4865,L1
4866,L1
4867,L1
4868,L1
4869,L1
4870,L1
4871,L1
4872,L1
4873,L2
4874,L1
4875,L1
4876,L1
4877,L1
4878,L1
4879,L1
4880,L1
4881,L1
4882,L2
4883,L1
4884,L2
4885,L1
4886,L1
4887,L1
4888,L1
4889,L1
4890,L1
4891,L1
4892,L2
4893,L1
4894,L2
4895,L1
4896,L1
4897,L1
4898,L2
4899,L1
4900,L2
4901,L1
4902,L1
4903,L1
4904,L1
4905,L1
4906,L1
4907,L1
4908,L1
4909,L1
4910,L1
4911,L1
4912,L1
4913,L1
4914,L2
4915,L1
4916,L1
4917,L1
4918,L1
4919,L1
4920,L1
4921,L1
4922,L1
4923,L1
4924,L1
4925,L1
4926,L2
4927,L1
4928,L1
4929,L1
4930,L1
4931,L1
4932,L1
4933,L1
4934,L1
4935,L1
4936,L1
4937,L1
4938,L1
4939,L2
4940,L1
4941,L1
4942,L1
4943,L1
4944,L1
4945,L1
4946,L1
4947,L1
4948,L1
4949,L1
4950,L1
4951,L1
4952,L1
4953,L1
4954,L1
4955,L1
4956,L1
4957,L1
4958,L1
4959,L1
4960,L1
4961,L1
4962,L1
4963,L1
4964,L1
4965,L1
4966,L2
4967,L1
4968,L2
4969,L1
4970,L1
4971,L1
4972,L1
4973,L1
4974,L1
4975,L1
4976,L1
4977,L3
4978,L1
4979,L1
4980,L1
4981,L1
4982,L1
4983,L1
4984,L3
4985,L1
4986,L2
4987,L1
4988,L2
4989,L1
4990,L1
4991,L1
4992,L1
4993,L1
4994,L1
4995,L1
4996,L1
4997,L1
4998,L1
4999,L1
5000,L1
