lead_id,user_type,company_size,industry,search_sector,search_modality,target_area_sqm,min_budget_mxn_rent_monthly,max_budget_mxn_rent_monthly,min_budget_mxn_sale_total,max_budget_mxn_sale_total,preferred_state,preferred_municipality,preferred_corridor,source,prior_searches,prior_inquiries,has_converted_before,lead_score_internal,created_at,entity,anomaly_group,anomaly_score,isolation_forest_flag,anomaly_percentile_within_group,robust_deviation_explanation
2569,tenant_direct,enterprise,other,Industrial,both,38.4,4051.69,5226.67,729303.73,1030151.28,Estado de México,Toluca,,referral,3,0,False,0.1852,2026-01-16,lead,search_sector=Industrial | search_modality=both,0.11106456151516131,True,1.0,min_budget_mxn_rent_monthly=3.4 MAD; min_budget_mxn_sale_total=3.3 MAD; max_budget_mxn_rent_monthly=3.2 MAD
632,investor,small,retail,Office,sale,3689.1,,,,248432788.34,Chihuahua,Chihuahua,centro-chihuahua,email,3,5,True,0.3456,2025-08-29,lead,search_sector=Office | search_modality=sale,0.10668612121143073,True,1.0,target_area_sqm=3.1 MAD; max_budget_mxn_sale_total=3.1 MAD; prior_inquiries=0.4 MAD
3425,broker,medium,manufacturing,Retail,both,57.6,,15133.67,2253460.57,2531006.08,Jalisco,Guadalajara,americana-chapultepec,referral,0,6,False,0.769,2026-01-28,lead,search_sector=Retail | search_modality=both,0.10184166992499799,True,1.0,max_budget_mxn_sale_total=2.9 MAD; min_budget_mxn_sale_total=2.8 MAD; target_area_sqm=2.8 MAD
2007,tenant_direct,large,retail,Retail,sale,55.8,,,2390334.31,3303319.62,Chihuahua,Chihuahua,centro-chihuahua,organic,35,67,True,0.013,2026-02-06,lead,search_sector=Retail | search_modality=sale,0.09806794318472456,True,1.0,prior_inquiries=3.4 MAD; min_budget_mxn_sale_total=3.2 MAD; target_area_sqm=2.9 MAD
4459,broker,medium,manufacturing,Retail,both,73.3,,21133.45,,3854594.91,Estado de México,Toluca,metepec-toluca,referral,2,0,False,0.7217,2025-02-01,lead,search_sector=Retail | search_modality=both,0.09502390780098391,True,0.9966777408637874,target_area_sqm=2.4 MAD; max_budget_mxn_sale_total=2.3 MAD; max_budget_mxn_rent_monthly=2.2 MAD
125,broker,medium,technology,Office,sale,63.3,,,3071167.53,4048454.43,San Luis Potosí,San Luis Potosí,lomas-carranza,social,41,82,True,1.0,2025-05-25,lead,search_sector=Office | search_modality=sale,0.09117457457261013,True,0.9976744186046511,min_budget_mxn_sale_total=2.5 MAD; max_budget_mxn_sale_total=2.4 MAD; target_area_sqm=2.4 MAD
2664,broker,enterprise,financial,Retail,rent,44.4,10601.84,11697.84,,,Nuevo León,Monterrey,macroplaza,referral,0,75,True,0.2001,2025-07-28,lead,search_sector=Retail | search_modality=rent,0.08221362748521421,True,1.0,max_budget_mxn_rent_monthly=3.3 MAD; min_budget_mxn_rent_monthly=3.3 MAD; target_area_sqm=3.0 MAD
842,investor,,logistics,Retail,rent,1440.7,,469936.78,,,CDMX,Cuauhtémoc,roma-condesa,paid,2,37,True,0.5604,2025-07-17,lead,search_sector=Retail | search_modality=rent,0.0819229864316543,True,0.9986807387862797,prior_inquiries=2.1 MAD; max_budget_mxn_rent_monthly=1.9 MAD; target_area_sqm=1.8 MAD
1313,tenant_direct,enterprise,manufacturing,Land,both,2439.9,92890.07,108048.19,,21541662.13,Jalisco,Zapopan,andares-puerta-hierro,referral,0,2,False,0.2926,2025-05-18,lead,search_sector=Land | search_modality=both,0.07718393258536205,True,1.0,target_area_sqm=2.7 MAD; max_budget_mxn_rent_monthly=2.6 MAD; min_budget_mxn_rent_monthly=2.6 MAD
2963,broker,large,financial,Office,rent,8189.3,2206712.28,3141759.69,,,Nuevo León,Monterrey,macroplaza,referral,9,0,False,0.8874,2025-06-08,lead,search_sector=Office | search_modality=rent,0.07714787784729993,True,1.0,min_budget_mxn_rent_monthly=4.5 MAD; target_area_sqm=4.3 MAD; max_budget_mxn_rent_monthly=4.1 MAD
812,broker,small,manufacturing,Retail,both,71.4,15994.16,21100.47,2878948.63,3639262.27,Guanajuato,León,centro-leon,organic,4,73,True,0.5211,2025-01-01,lead,search_sector=Retail | search_modality=both,0.07666487518785692,True,0.9933554817275747,prior_inquiries=3.5 MAD; min_budget_mxn_sale_total=2.5 MAD; target_area_sqm=2.5 MAD
1359,tenant_direct,medium,retail,Office,rent,1228.7,,461735.41,,,Estado de México,Naucalpan de Juárez,,paid,8,0,True,0.6803,2025-11-29,lead,search_sector=Office | search_modality=rent,0.07435521211545348,True,0.9986449864498645,target_area_sqm=1.6 MAD; max_budget_mxn_rent_monthly=1.6 MAD; prior_searches=0.7 MAD
2175,tenant_direct,medium,other,Office,rent,7088.2,49825.92,64778.84,,,Estado de México,Naucalpan de Juárez,lomas-verdes-satelite,organic,34,3,True,0.0606,2026-01-16,lead,search_sector=Office | search_modality=rent,0.06978160822283175,True,0.997289972899729,target_area_sqm=4.1 MAD; prior_searches=1.5 MAD; min_budget_mxn_rent_monthly=1.0 MAD
2764,broker,,financial,Office,rent,71.1,17715.74,20757.75,,,CDMX,Miguel Hidalgo,polanco,social,1,50,True,0.8054,2026-04-06,lead,search_sector=Office | search_modality=rent,0.06637166204229838,True,0.9959349593495935,min_budget_mxn_rent_monthly=2.6 MAD; max_budget_mxn_rent_monthly=2.5 MAD; target_area_sqm=2.3 MAD
1528,tenant_direct,small,financial,Industrial,both,1108.6,,167386.47,,27412693.8,Yucatán,Mérida,paseo-montejo,paid,1,4,False,0.8975,2025-11-09,lead,search_sector=Industrial | search_modality=both,0.06443077179337531,True,0.9961538461538462,target_area_sqm=1.4 MAD; max_budget_mxn_rent_monthly=1.4 MAD; max_budget_mxn_sale_total=1.2 MAD
4323,tenant_direct,small,healthcare,Retail,sale,74.7,,,,4827128.49,Jalisco,Zapopan,andares-puerta-hierro,organic,9,1,False,0.263,2026-04-04,lead,search_sector=Retail | search_modality=sale,0.06392513305883096,True,0.997867803837953,target_area_sqm=2.5 MAD; max_budget_mxn_sale_total=2.3 MAD; prior_searches=0.4 MAD
2221,tenant_direct,small,financial,Retail,rent,198.5,,51193.99,,,Baja California,Tijuana,zona-rio-aguacaliente,organic,0,181,False,0.7301,2026-01-03,lead,search_sector=Retail | search_modality=rent,0.06338704681374041,True,0.9973614775725593,prior_inquiries=3.2 MAD; max_budget_mxn_rent_monthly=1.2 MAD; target_area_sqm=0.9 MAD
1236,broker,small,manufacturing,Industrial,sale,6370.0,,,,8877175.21,Nuevo León,San Pedro Garza García,vasconcelos-calzada,referral,5,5,False,0.8618,2025-06-17,lead,search_sector=Industrial | search_modality=sale,0.0632093478298833,True,1.0,target_area_sqm=4.1 MAD; prior_inquiries=0.4 MAD; max_budget_mxn_sale_total=0.4 MAD
2169,broker,medium,retail,Retail,both,2004.0,539579.87,770538.49,97124375.88,143824099.46,Puebla,Puebla,angelopolis-lomas,paid,2,69,True,0.7185,2025-10-17,lead,search_sector=Retail | search_modality=both,0.06062322968883482,True,0.9900332225913622,prior_inquiries=3.5 MAD; min_budget_mxn_sale_total=2.6 MAD; min_budget_mxn_rent_monthly=2.5 MAD
2239,tenant_direct,medium,other,Office,sale,129.2,,,,10208601.58,CDMX,Miguel Hidalgo,polanco,paid,0,90,True,0.8267,2026-03-06,lead,search_sector=Office | search_modality=sale,0.0604894123862183,True,0.9953488372093023,prior_inquiries=2.1 MAD; target_area_sqm=1.4 MAD; max_budget_mxn_sale_total=1.2 MAD
3225,broker,medium,manufacturing,Office,rent,311.1,,551207.54,,,Puebla,Puebla,angelopolis-lomas,organic,0,74,True,0.8326,2026-04-04,lead,search_sector=Office | search_modality=rent,0.0601794313157773,True,0.994579945799458,prior_inquiries=2.0 MAD; max_budget_mxn_rent_monthly=1.8 MAD; prior_searches=0.7 MAD
1623,investor,small,manufacturing,Retail,rent,179.1,,55152.72,,,Jalisco,Zapopan,andares-puerta-hierro,email,2,78,True,0.0,2025-01-20,lead,search_sector=Retail | search_modality=rent,0.058931294028906844,True,0.996042216358839,prior_inquiries=2.6 MAD; max_budget_mxn_rent_monthly=1.1 MAD; target_area_sqm=1.1 MAD
560,tenant_direct,small,healthcare,Land,rent,57.2,2476.59,2777.45,,,Estado de México,Toluca,metepec-toluca,organic,1,49,True,0.2267,2025-12-28,lead,search_sector=Land | search_modality=rent,0.05836797038800812,True,1.0,prior_inquiries=3.1 MAD; max_budget_mxn_rent_monthly=2.7 MAD; min_budget_mxn_rent_monthly=2.6 MAD
4181,tenant_direct,medium,manufacturing,Retail,both,1459.5,,441535.29,66224389.24,78228547.16,Querétaro,Querétaro,juriquilla-juncos,organic,0,5,True,0.6325,2025-09-15,lead,search_sector=Retail | search_modality=both,0.05697688640242082,True,0.9867109634551495,min_budget_mxn_sale_total=2.0 MAD; target_area_sqm=1.9 MAD; max_budget_mxn_sale_total=1.7 MAD
3123,broker,large,retail,Office,rent,2035.3,577686.6,834724.67,,,Estado de México,Naucalpan de Juárez,lomas-verdes-satelite,organic,6,91,True,0.306,2025-07-14,lead,search_sector=Office | search_modality=rent,0.056029128561511765,True,0.9932249322493225,min_budget_mxn_rent_monthly=2.6 MAD; max_budget_mxn_rent_monthly=2.4 MAD; target_area_sqm=2.3 MAD
286,tenant_direct,small,technology,Industrial,rent,52.1,,8804.31,,,Estado de México,Toluca,metepec-toluca,paid,0,0,False,0.495,2025-04-11,lead,search_sector=Industrial | search_modality=rent,0.054085392244968666,True,1.0,target_area_sqm=2.8 MAD; max_budget_mxn_rent_monthly=2.6 MAD; prior_inquiries=0.7 MAD
3536,investor,small,manufacturing,Industrial,sale,266.0,,,,7898542.71,Estado de México,Toluca,metepec-toluca,referral,0,80,True,0.1199,2025-09-26,lead,search_sector=Industrial | search_modality=sale,0.0532794288234425,True,0.9973544973544973,prior_inquiries=2.0 MAD; prior_searches=0.7 MAD; target_area_sqm=0.7 MAD
2990,tenant_direct,enterprise,retail,Land,rent,99.1,3518.02,3910.62,,,Querétaro,Querétaro,juriquilla-juncos,paid,34,87,True,0.6349,2026-06-16,lead,search_sector=Land | search_modality=rent,0.05251320080827049,True,0.9974747474747475,prior_inquiries=3.7 MAD; max_budget_mxn_rent_monthly=2.2 MAD; min_budget_mxn_rent_monthly=2.1 MAD
2121,broker,medium,retail,Office,sale,39.1,,,1964655.67,2477620.5,Estado de México,Toluca,metepec-toluca,referral,0,15,False,0.7196,2026-06-05,lead,search_sector=Office | search_modality=sale,0.05201302110113071,True,0.9930232558139535,min_budget_mxn_sale_total=3.2 MAD; max_budget_mxn_sale_total=3.0 MAD; target_area_sqm=3.0 MAD
2295,broker,large,logistics,Industrial,rent,60.8,,8217.1,,,CDMX,Benito Juárez,del-valle-narvarte,paid,7,0,False,0.8129,2025-01-17,lead,search_sector=Industrial | search_modality=rent,0.04994511941844759,True,0.9983633387888707,max_budget_mxn_rent_monthly=2.7 MAD; target_area_sqm=2.5 MAD; prior_inquiries=0.7 MAD
1663,investor,small,retail,Industrial,sale,301.5,,,,31377773.98,CDMX,Benito Juárez,,referral,57,0,False,1.0,2025-12-02,lead,search_sector=Industrial | search_modality=sale,0.04993151805213769,True,0.9947089947089947,max_budget_mxn_sale_total=1.4 MAD; prior_searches=1.4 MAD; prior_inquiries=0.7 MAD
3222,investor,large,logistics,Retail,both,167.8,38971.44,45996.41,,8569067.16,San Luis Potosí,San Luis Potosí,lomas-carranza,organic,2,62,True,0.756,2026-06-19,lead,search_sector=Retail | search_modality=both,0.04928514148554186,True,0.9833887043189369,prior_inquiries=3.4 MAD; max_budget_mxn_sale_total=1.3 MAD; target_area_sqm=1.2 MAD
301,investor,medium,retail,Industrial,both,456.6,56602.21,78252.62,,11901823.81,Chihuahua,Chihuahua,centro-chihuahua,paid,37,97,True,0.7658,2026-03-03,lead,search_sector=Industrial | search_modality=both,0.0481714038312272,True,0.9923076923076923,prior_inquiries=3.8 MAD; prior_searches=1.6 MAD; max_budget_mxn_rent_monthly=0.4 MAD
4513,investor,medium,logistics,Office,both,753.7,225836.76,1372971.49,,44834507.17,Jalisco,Zapopan,andares-puerta-hierro,organic,4,159,False,0.6068,2025-04-18,lead,search_sector=Office | search_modality=both,0.04811738582449798,True,1.0,max_budget_mxn_rent_monthly=3.0 MAD; prior_inquiries=2.4 MAD; min_budget_mxn_rent_monthly=1.1 MAD
311,tenant_direct,medium,technology,Retail,rent,47.7,12093.85,17817.01,,,Jalisco,Zapopan,andares-puerta-hierro,email,46,0,False,0.6321,2026-01-23,lead,search_sector=Retail | search_modality=rent,0.04723086796300302,True,0.9947229551451188,min_budget_mxn_rent_monthly=3.1 MAD; target_area_sqm=2.9 MAD; max_budget_mxn_rent_monthly=2.7 MAD
4141,tenant_direct,medium,manufacturing,Retail,sale,708.6,,,,44696018.44,Estado de México,Toluca,metepec-toluca,event,2,0,True,0.0576,2025-04-02,lead,search_sector=Retail | search_modality=sale,0.04646136330611461,True,0.9957356076759062,max_budget_mxn_sale_total=0.9 MAD; target_area_sqm=0.8 MAD; prior_inquiries=0.7 MAD
1493,tenant_direct,large,technology,Office,both,110.8,,49175.84,,6770766.89,Chihuahua,Chihuahua,centro-chihuahua,organic,2,0,False,0.6158,2026-05-11,lead,search_sector=Office | search_modality=both,0.0455422731691526,True,0.9964539007092199,max_budget_mxn_sale_total=1.6 MAD; target_area_sqm=1.6 MAD; max_budget_mxn_rent_monthly=1.4 MAD
3841,tenant_direct,small,technology,Retail,sale,642.7,,,,31282800.38,Chihuahua,Chihuahua,centro-chihuahua,event,0,59,True,0.3613,2025-02-10,lead,search_sector=Retail | search_modality=sale,0.04505285379901913,True,0.9936034115138592,prior_inquiries=3.3 MAD; prior_searches=0.7 MAD; target_area_sqm=0.6 MAD
2447,broker,large,logistics,Office,rent,8439.7,39635.36,53850.07,,,CDMX,Benito Juárez,del-valle-narvarte,referral,0,67,True,0.4584,2026-01-26,lead,search_sector=Office | search_modality=rent,0.044970421599632604,True,0.991869918699187,target_area_sqm=4.3 MAD; prior_inquiries=1.9 MAD; min_budget_mxn_rent_monthly=1.4 MAD
593,broker,medium,logistics,Office,sale,295.7,,,,18614346.14,Jalisco,Zapopan,andares-puerta-hierro,referral,6,98,True,1.0,2025-03-03,lead,search_sector=Office | search_modality=sale,0.0444683052223761,True,0.9906976744186047,prior_inquiries=2.1 MAD; prior_searches=0.5 MAD; max_budget_mxn_sale_total=0.4 MAD
3208,broker,medium,healthcare,Land,both,92.0,,5485.89,679841.77,765088.47,CDMX,Miguel Hidalgo,polanco,event,0,0,False,1.0,2026-04-17,lead,search_sector=Land | search_modality=both,0.04382582287007408,True,0.9939024390243902,max_budget_mxn_sale_total=2.3 MAD; target_area_sqm=2.2 MAD; min_budget_mxn_sale_total=2.1 MAD
2297,tenant_direct,,other,Office,both,1790.1,506616.18,735753.84,91190913.08,117987201.84,Querétaro,Querétaro,centro-queretaro,paid,3,13,True,0.4505,2025-01-06,lead,search_sector=Office | search_modality=both,0.04157909302841989,True,0.9929078014184397,min_budget_mxn_rent_monthly=2.3 MAD; min_budget_mxn_sale_total=2.3 MAD; target_area_sqm=2.2 MAD
2995,tenant_direct,small,healthcare,Industrial,sale,565.9,,,,19411913.43,Nuevo León,San Pedro Garza García,vasconcelos-calzada,social,0,27,True,0.5972,2026-04-30,lead,search_sector=Industrial | search_modality=sale,0.040836487329093285,True,0.9920634920634921,prior_inquiries=1.4 MAD; max_budget_mxn_sale_total=0.7 MAD; prior_searches=0.7 MAD
2497,tenant_direct,medium,manufacturing,Land,rent,3951.1,158882.88,225186.39,,,Yucatán,Mérida,paseo-montejo,organic,47,0,False,0.2563,2025-03-25,lead,search_sector=Land | search_modality=rent,0.03973319186807478,True,0.9949494949494949,min_budget_mxn_rent_monthly=3.4 MAD; max_budget_mxn_rent_monthly=3.1 MAD; target_area_sqm=3.0 MAD
4042,investor,small,healthcare,Office,rent,571.3,,193352.22,,,Sonora,Hermosillo,centenario-colosio,paid,0,165,False,0.1788,2025-03-17,lead,search_sector=Office | search_modality=rent,0.03898223074959617,True,0.9905149051490515,prior_inquiries=2.5 MAD; prior_searches=0.7 MAD; target_area_sqm=0.6 MAD
514,broker,medium,retail,Office,rent,89.1,26142.56,30497.5,,,Sonora,Hermosillo,,referral,6,64,True,0.2425,2025-01-19,lead,search_sector=Office | search_modality=rent,0.038040526354791715,True,0.989159891598916,target_area_sqm=2.0 MAD; max_budget_mxn_rent_monthly=2.0 MAD; min_budget_mxn_rent_monthly=2.0 MAD
232,tenant_direct,enterprise,financial,Land,both,1077.2,,58905.92,7983549.58,10428775.03,Guanajuato,León,centro-leon,referral,23,0,True,0.7538,2025-06-26,lead,search_sector=Land | search_modality=both,0.03768786898490084,True,0.9878048780487805,max_budget_mxn_rent_monthly=1.7 MAD; min_budget_mxn_sale_total=1.6 MAD; target_area_sqm=1.5 MAD
4033,tenant_direct,medium,retail,Retail,sale,309.2,,,,19883411.55,Jalisco,Guadalajara,,social,0,68,True,0.2881,2025-02-22,lead,search_sector=Retail | search_modality=sale,0.03763506319746501,True,0.9914712153518124,prior_inquiries=3.4 MAD; prior_searches=0.7 MAD; target_area_sqm=0.4 MAD
2874,broker,small,financial,Retail,both,887.7,187645.51,266293.15,33776191.98,195768432.82,CDMX,Benito Juárez,del-valle-narvarte,referral,26,99,True,0.2438,2025-01-29,lead,search_sector=Retail | search_modality=both,0.037225419493575496,True,0.9800664451827242,prior_inquiries=3.8 MAD; max_budget_mxn_sale_total=2.9 MAD; prior_searches=1.3 MAD
2557,broker,medium,technology,Land,sale,78.9,,,543541.35,654065.79,Jalisco,Guadalajara,americana-chapultepec,organic,3,0,True,0.0483,2025-05-20,lead,search_sector=Land | search_modality=sale,0.036567284605133143,True,1.0,min_budget_mxn_sale_total=2.3 MAD; max_budget_mxn_sale_total=2.2 MAD; target_area_sqm=2.1 MAD
2715,investor,,technology,Retail,sale,2619.0,,,107048747.49,124955227.23,Puebla,Puebla,angelopolis-lomas,organic,10,50,False,0.7803,2025-02-17,lead,search_sector=Retail | search_modality=sale,0.03653126602796386,True,0.9893390191897654,prior_inquiries=3.2 MAD; min_budget_mxn_sale_total=2.9 MAD; target_area_sqm=2.7 MAD
4699,tenant_direct,small,manufacturing,Industrial,rent,76.1,8723.66,10037.74,,,Sonora,Hermosillo,centenario-colosio,paid,3,51,True,0.9219,2026-06-04,lead,search_sector=Industrial | search_modality=rent,0.035452441028500314,True,0.9967266775777414,prior_inquiries=3.2 MAD; min_budget_mxn_rent_monthly=2.6 MAD; max_budget_mxn_rent_monthly=2.4 MAD
3906,tenant_direct,small,other,Retail,rent,1325.8,,433845.82,,,Puebla,Puebla,angelopolis-lomas,social,3,6,False,0.9213,2025-02-02,lead,search_sector=Retail | search_modality=rent,0.03538691249697934,True,0.9934036939313984,max_budget_mxn_rent_monthly=1.8 MAD; target_area_sqm=1.7 MAD; prior_inquiries=0.8 MAD
1445,broker,small,retail,Industrial,sale,2095.4,,,40176463.36,52718951.89,CDMX,Miguel Hidalgo,polanco,referral,3,75,True,0.8522,2025-11-08,lead,search_sector=Industrial | search_modality=sale,0.0351039818765283,True,0.9894179894179894,target_area_sqm=2.4 MAD; min_budget_mxn_sale_total=2.4 MAD; max_budget_mxn_sale_total=2.2 MAD
1807,broker,medium,logistics,Retail,rent,2221.5,590033.7,681288.44,,,San Luis Potosí,San Luis Potosí,lomas-carranza,referral,6,9,True,0.8044,2025-09-19,lead,search_sector=Retail | search_modality=rent,0.0349663881329233,True,0.9920844327176781,min_budget_mxn_rent_monthly=2.9 MAD; max_budget_mxn_rent_monthly=2.5 MAD; target_area_sqm=2.4 MAD
793,broker,small,manufacturing,Land,both,1549.7,66795.4,87173.55,,15553479.78,Puebla,Puebla,angelopolis-lomas,referral,51,0,False,0.2971,2026-01-09,lead,search_sector=Land | search_modality=both,0.03462861462879985,True,0.9817073170731707,max_budget_mxn_rent_monthly=2.3 MAD; min_budget_mxn_rent_monthly=2.1 MAD; target_area_sqm=2.1 MAD
3404,investor,large,logistics,Industrial,both,1514.7,181793.68,208931.33,32722861.58,40411221.44,Yucatán,Mérida,paseo-montejo,referral,0,98,True,0.561,2025-10-20,lead,search_sector=Industrial | search_modality=both,0.03387378896466586,True,0.9884615384615385,prior_inquiries=3.8 MAD; min_budget_mxn_rent_monthly=2.0 MAD; min_budget_mxn_sale_total=1.9 MAD
1396,broker,large,logistics,Office,rent,2612.2,712193.33,953010.89,,,Estado de México,Naucalpan de Juárez,lomas-verdes-satelite,paid,0,55,False,0.6129,2025-10-03,lead,search_sector=Office | search_modality=rent,0.033145455928016654,True,0.9878048780487805,min_budget_mxn_rent_monthly=2.9 MAD; target_area_sqm=2.7 MAD; max_budget_mxn_rent_monthly=2.6 MAD
4030,investor,small,financial,Retail,rent,136.0,,35082.87,,,Nuevo León,Monterrey,macroplaza,referral,25,0,False,0.9113,2025-01-03,lead,search_sector=Retail | search_modality=rent,0.03269994541007859,True,0.9907651715039578,max_budget_mxn_rent_monthly=1.8 MAD; target_area_sqm=1.5 MAD; prior_searches=1.3 MAD
8,investor,large,other,Land,sale,976.3,,,,9376746.76,Puebla,Puebla,,email,0,82,True,0.3672,2025-05-05,lead,search_sector=Land | search_modality=sale,0.03233491967311408,True,0.9953051643192489,prior_inquiries=3.6 MAD; target_area_sqm=1.2 MAD; max_budget_mxn_sale_total=1.2 MAD
4533,tenant_direct,enterprise,manufacturing,Retail,rent,903.3,,303332.11,,,CDMX,Cuauhtémoc,roma-condesa,referral,0,38,False,0.5018,2025-12-13,lead,search_sector=Retail | search_modality=rent,0.03157795028299004,True,0.9894459102902374,prior_inquiries=2.1 MAD; max_budget_mxn_rent_monthly=1.3 MAD; target_area_sqm=1.2 MAD
2071,investor,large,financial,Land,rent,884.5,,44777.75,,,Nuevo León,Monterrey,macroplaza,referral,6,119,False,0.3079,2025-01-23,lead,search_sector=Land | search_modality=rent,0.030824058672290322,True,0.9924242424242424,prior_inquiries=4.0 MAD; target_area_sqm=1.1 MAD; max_budget_mxn_rent_monthly=1.0 MAD
1739,tenant_direct,large,retail,Retail,rent,31.1,7914.46,10196.11,,,Chihuahua,Chihuahua,centro-chihuahua,event,0,0,False,0.8878,2025-04-18,lead,search_sector=Retail | search_modality=rent,0.030438715556810103,True,0.9881266490765171,min_budget_mxn_rent_monthly=3.7 MAD; max_budget_mxn_rent_monthly=3.5 MAD; target_area_sqm=3.5 MAD
405,developer,medium,retail,Retail,rent,510.4,,173326.08,,,Puebla,Puebla,angelopolis-lomas,paid,3,4,True,0.2573,2026-03-20,lead,search_sector=Retail | search_modality=rent,0.029449845116887308,True,0.9868073878627969,prior_inquiries=0.5 MAD; max_budget_mxn_rent_monthly=0.5 MAD; target_area_sqm=0.4 MAD
1852,investor,medium,retail,Office,sale,78.5,,,4007413.58,4769920.93,Estado de México,Toluca,metepec-toluca,organic,5,100,True,0.6468,2026-04-16,lead,search_sector=Office | search_modality=sale,0.02891707854147696,True,0.9883720930232558,max_budget_mxn_sale_total=2.2 MAD; min_budget_mxn_sale_total=2.2 MAD; prior_inquiries=2.2 MAD
3433,developer,enterprise,retail,Office,both,76.3,,22786.07,3631155.1,5344717.81,Puebla,Puebla,angelopolis-lomas,paid,2,0,False,0.0306,2025-12-17,lead,search_sector=Office | search_modality=both,0.027001868065147372,True,0.9893617021276596,max_budget_mxn_rent_monthly=2.4 MAD; min_budget_mxn_sale_total=2.2 MAD; target_area_sqm=2.1 MAD
1955,investor,large,healthcare,Retail,rent,1700.1,447120.93,528151.19,,,Chihuahua,Chihuahua,centro-chihuahua,referral,8,66,True,0.1103,2025-01-17,lead,search_sector=Retail | search_modality=rent,0.02664308794811765,True,0.9854881266490765,prior_inquiries=2.5 MAD; min_budget_mxn_rent_monthly=2.5 MAD; max_budget_mxn_rent_monthly=2.1 MAD
1255,broker,,manufacturing,Industrial,sale,36.3,,,863256.49,1284756.97,Baja California,Tijuana,zona-rio-aguacaliente,social,3,5,False,0.4374,2026-02-24,lead,search_sector=Industrial | search_modality=sale,0.0261562937887041,True,0.9867724867724867,target_area_sqm=3.7 MAD; min_budget_mxn_sale_total=3.6 MAD; max_budget_mxn_sale_total=3.2 MAD
3869,tenant_direct,medium,technology,Industrial,rent,408.8,,54771.48,,,Yucatán,Mérida,paseo-montejo,organic,7,5,True,0.4912,2025-07-28,lead,search_sector=Industrial | search_modality=rent,0.026152348671434456,True,0.9950900163666121,prior_inquiries=1.1 MAD; prior_searches=0.6 MAD; max_budget_mxn_rent_monthly=0.2 MAD
1985,tenant_direct,medium,technology,Retail,rent,9597.3,41340.69,55699.61,,,Jalisco,Zapopan,andares-puerta-hierro,email,5,75,True,1.0,2026-06-26,lead,search_sector=Retail | search_modality=rent,0.025406502361717043,True,0.9841688654353562,target_area_sqm=4.5 MAD; prior_inquiries=2.6 MAD; min_budget_mxn_rent_monthly=1.2 MAD
2628,broker,enterprise,retail,Land,rent,1949.7,72336.69,407732.51,,,Guanajuato,León,centro-leon,social,8,13,True,0.2048,2026-04-21,lead,search_sector=Land | search_modality=rent,0.025087651043076975,True,0.98989898989899,max_budget_mxn_rent_monthly=3.9 MAD; min_budget_mxn_rent_monthly=2.3 MAD; target_area_sqm=2.1 MAD
3469,broker,medium,technology,Land,sale,274.5,,,,2692853.92,Sonora,Hermosillo,,referral,0,3,True,0.3537,2025-12-23,lead,search_sector=Land | search_modality=sale,0.02499113284879917,True,0.9906103286384976,prior_inquiries=0.7 MAD; prior_searches=0.7 MAD; target_area_sqm=0.4 MAD
1221,broker,medium,retail,Industrial,rent,7215.9,,73008.74,,,Nuevo León,Monterrey,macroplaza,paid,1,5,False,0.0,2025-02-11,lead,search_sector=Industrial | search_modality=rent,0.024961175713435257,True,0.9934533551554828,target_area_sqm=3.9 MAD; prior_inquiries=1.1 MAD; prior_searches=0.2 MAD
2422,broker,small,retail,Retail,rent,1027.9,250779.11,1198073.96,,,Jalisco,Zapopan,andares-puerta-hierro,referral,2,87,True,0.3569,2025-01-03,lead,search_sector=Retail | search_modality=rent,0.023996087963656265,True,0.9828496042216359,max_budget_mxn_rent_monthly=3.3 MAD; prior_inquiries=2.7 MAD; min_budget_mxn_rent_monthly=1.6 MAD
138,tenant_direct,small,logistics,Industrial,rent,72.6,8576.23,10203.38,,,Nuevo León,Monterrey,macroplaza,paid,53,5,False,0.6821,2025-02-10,lead,search_sector=Industrial | search_modality=rent,0.02397814732486947,True,0.9918166939443536,min_budget_mxn_rent_monthly=2.6 MAD; max_budget_mxn_rent_monthly=2.4 MAD; target_area_sqm=2.3 MAD
4540,tenant_direct,small,financial,Retail,sale,143.8,,,,6661131.55,CDMX,Benito Juárez,del-valle-narvarte,referral,1,6,False,0.6361,2025-03-26,lead,search_sector=Retail | search_modality=sale,0.023837180716115514,True,0.9872068230277186,max_budget_mxn_sale_total=1.8 MAD; target_area_sqm=1.5 MAD; prior_inquiries=1.2 MAD
3950,broker,small,retail,Retail,sale,99.2,,,4359728.98,4936400.84,Sonora,Hermosillo,centenario-colosio,social,10,89,True,0.1202,2025-08-23,lead,search_sector=Retail | search_modality=sale,0.02378786300786251,True,0.9850746268656716,prior_inquiries=3.7 MAD; min_budget_mxn_sale_total=2.3 MAD; max_budget_mxn_sale_total=2.2 MAD
659,tenant_direct,small,manufacturing,Retail,rent,290.6,71583.25,445028.18,,,Nuevo León,San Pedro Garza García,vasconcelos-calzada,referral,42,107,True,0.384,2025-01-07,lead,search_sector=Retail | search_modality=rent,0.022903528232519843,True,0.9815303430079155,prior_inquiries=2.9 MAD; max_budget_mxn_rent_monthly=1.8 MAD; prior_searches=1.6 MAD
2729,tenant_direct,large,retail,Land,rent,2636.5,103107.79,123269.36,,,Jalisco,Guadalajara,americana-chapultepec,social,10,13,True,0.1761,2025-11-30,lead,search_sector=Land | search_modality=rent,0.022717072032123586,True,0.9873737373737373,min_budget_mxn_rent_monthly=2.8 MAD; target_area_sqm=2.5 MAD; max_budget_mxn_rent_monthly=2.3 MAD
2961,investor,small,technology,Office,sale,5412.8,,,11032563.94,12187022.4,Estado de México,Naucalpan de Juárez,lomas-verdes-satelite,organic,45,89,False,0.7713,2025-02-21,lead,search_sector=Office | search_modality=sale,0.02228737220204946,True,0.986046511627907,target_area_sqm=3.6 MAD; prior_inquiries=2.1 MAD; prior_searches=1.7 MAD
995,investor,,,Office,rent,372.2,,133028.8,,,Estado de México,Naucalpan de Juárez,lomas-verdes-satelite,paid,1,1,True,0.4333,2025-11-02,lead,search_sector=Office | search_modality=rent,0.02223970235216144,True,0.986449864498645,prior_searches=0.2 MAD; prior_inquiries=0.2 MAD; max_budget_mxn_rent_monthly=0.1 MAD
2278,broker,large,logistics,Office,both,1401.0,432258.37,608460.45,77806506.42,95292071.29,Yucatán,Mérida,paseo-montejo,organic,0,179,True,0.5353,2026-06-11,lead,search_sector=Office | search_modality=both,0.022095503028993213,True,0.9858156028368794,prior_inquiries=2.5 MAD; min_budget_mxn_rent_monthly=2.1 MAD; min_budget_mxn_sale_total=2.0 MAD
3907,investor,medium,retail,Industrial,sale,961.8,,,,30844948.15,Yucatán,Mérida,paseo-montejo,organic,0,2,False,0.4718,2025-11-21,lead,search_sector=Industrial | search_modality=sale,0.021751913779926135,True,0.9841269841269841,max_budget_mxn_sale_total=1.4 MAD; target_area_sqm=1.3 MAD; prior_searches=0.7 MAD
1112,tenant_direct,medium,manufacturing,Office,sale,1614.4,,,86939835.93,114585017.87,CDMX,Benito Juárez,del-valle-narvarte,paid,33,4,True,0.973,2025-02-07,lead,search_sector=Office | search_modality=sale,0.021612293244008707,True,0.9837209302325581,min_budget_mxn_sale_total=2.1 MAD; max_budget_mxn_sale_total=2.0 MAD; target_area_sqm=2.0 MAD
3239,tenant_direct,large,retail,Office,both,65.4,18034.18,21854.08,3246152.44,3571747.56,Chihuahua,Chihuahua,centro-chihuahua,event,0,0,False,0.4006,2026-04-11,lead,search_sector=Office | search_modality=both,0.02136651410572543,True,0.9822695035460993,min_budget_mxn_rent_monthly=2.5 MAD; max_budget_mxn_sale_total=2.5 MAD; max_budget_mxn_rent_monthly=2.4 MAD
4320,tenant_direct,small,manufacturing,Office,rent,83.3,24687.65,31010.87,,,Nuevo León,San Pedro Garza García,vasconcelos-calzada,organic,1,0,True,0.2117,2026-06-27,lead,search_sector=Office | search_modality=rent,0.021308464050940112,True,0.9850948509485095,target_area_sqm=2.1 MAD; min_budget_mxn_rent_monthly=2.1 MAD; max_budget_mxn_rent_monthly=2.0 MAD
2718,developer,large,financial,Retail,rent,112.5,,30521.83,,,Sonora,Hermosillo,centenario-colosio,paid,0,0,False,0.5276,2025-09-12,lead,search_sector=Retail | search_modality=rent,0.02103690693521687,True,0.9802110817941952,max_budget_mxn_rent_monthly=2.0 MAD; target_area_sqm=1.7 MAD; prior_inquiries=0.7 MAD
2406,broker,small,financial,Retail,sale,95.3,,,4168929.22,5092114.35,Chihuahua,Chihuahua,centro-chihuahua,paid,4,4,True,0.8898,2026-05-18,lead,search_sector=Retail | search_modality=sale,0.021021204164035856,True,0.9829424307036247,min_budget_mxn_sale_total=2.3 MAD; max_budget_mxn_sale_total=2.2 MAD; target_area_sqm=2.1 MAD
732,broker,enterprise,technology,Office,rent,496.8,131005.51,797756.23,,,Nuevo León,Monterrey,macroplaza,social,33,75,True,0.5222,2026-04-10,lead,search_sector=Office | search_modality=rent,0.020306930861714645,True,0.983739837398374,max_budget_mxn_rent_monthly=2.3 MAD; prior_inquiries=2.0 MAD; prior_searches=1.5 MAD
171,broker,large,manufacturing,Office,sale,2292.1,,,124540633.25,178037625.37,Estado de México,Naucalpan de Juárez,,organic,59,3,False,0.2284,2025-06-19,lead,search_sector=Office | search_modality=sale,0.019687607836000653,True,0.9813953488372092,min_budget_mxn_sale_total=2.6 MAD; max_budget_mxn_sale_total=2.6 MAD; target_area_sqm=2.4 MAD
4930,broker,medium,retail,Land,rent,1623.8,67449.59,97538.93,,,Nuevo León,Monterrey,macroplaza,social,49,15,True,0.8488,2025-03-12,lead,search_sector=Land | search_modality=rent,0.019599766386068418,True,0.9848484848484849,min_budget_mxn_rent_monthly=2.2 MAD; max_budget_mxn_rent_monthly=2.0 MAD; prior_inquiries=2.0 MAD
3551,investor,large,technology,Retail,rent,1190.7,,339234.94,,,Puebla,Puebla,angelopolis-lomas,organic,0,2,False,0.1512,2025-11-17,lead,search_sector=Retail | search_modality=rent,0.01947485867932175,True,0.978891820580475,target_area_sqm=1.6 MAD; max_budget_mxn_rent_monthly=1.5 MAD; prior_searches=0.7 MAD
1654,broker,medium,manufacturing,Office,both,607.5,,174201.91,,34106367.12,CDMX,Cuauhtémoc,roma-condesa,organic,0,1,False,0.9545,2026-05-07,lead,search_sector=Office | search_modality=both,0.019358181883728287,True,0.9787234042553191,prior_searches=1.0 MAD; target_area_sqm=0.7 MAD; max_budget_mxn_sale_total=0.5 MAD
571,broker,small,manufacturing,Office,rent,1005.1,315551.1,417140.71,,,San Luis Potosí,San Luis Potosí,lomas-carranza,social,54,2,True,0.4645,2025-10-10,lead,search_sector=Office | search_modality=rent,0.018971355580205795,True,0.9823848238482384,prior_searches=1.8 MAD; min_budget_mxn_rent_monthly=1.7 MAD; max_budget_mxn_rent_monthly=1.5 MAD
4217,tenant_direct,enterprise,healthcare,Land,rent,69.3,2581.49,3183.47,,,Sonora,Hermosillo,centenario-colosio,email,40,12,False,0.4988,2025-05-20,lead,search_sector=Land | search_modality=rent,0.018485118483127505,True,0.9823232323232324,min_budget_mxn_rent_monthly=2.5 MAD; max_budget_mxn_rent_monthly=2.5 MAD; target_area_sqm=2.2 MAD
3988,tenant_direct,enterprise,other,Office,rent,2340.4,669443.18,796757.7,,,Estado de México,Toluca,,organic,56,5,False,0.7218,2025-04-01,lead,search_sector=Office | search_modality=rent,0.0184478628944309,True,0.981029810298103,min_budget_mxn_rent_monthly=2.8 MAD; target_area_sqm=2.5 MAD; max_budget_mxn_rent_monthly=2.3 MAD
3777,tenant_direct,medium,retail,Industrial,rent,631.0,,89404.1,,,Estado de México,Naucalpan de Juárez,lomas-verdes-satelite,referral,0,2,True,1.0,2025-10-21,lead,search_sector=Industrial | search_modality=rent,0.0183009287580832,True,0.9901800327332242,prior_searches=0.7 MAD; target_area_sqm=0.6 MAD; max_budget_mxn_rent_monthly=0.4 MAD
166,tenant_direct,large,other,Industrial,sale,902.4,,,,28184547.67,Jalisco,Guadalajara,americana-chapultepec,referral,0,2,False,0.2178,2026-04-14,lead,search_sector=Industrial | search_modality=sale,0.01803438109760025,True,0.9814814814814815,max_budget_mxn_sale_total=1.3 MAD; target_area_sqm=1.2 MAD; prior_searches=0.7 MAD
3124,tenant_direct,small,other,Industrial,sale,2757.2,,,56725436.07,83430212.73,Estado de México,Naucalpan de Juárez,lomas-verdes-satelite,paid,1,81,False,0.3622,2025-11-06,lead,search_sector=Industrial | search_modality=sale,0.017459732774141146,True,0.9788359788359788,min_budget_mxn_sale_total=3.0 MAD; target_area_sqm=2.8 MAD; max_budget_mxn_sale_total=2.8 MAD
928,investor,large,other,Retail,sale,65.0,,,2465683.17,3550506.9,Querétaro,Querétaro,juriquilla-juncos,organic,0,5,False,0.1295,2026-03-31,lead,search_sector=Retail | search_modality=sale,0.017425044366833453,True,0.9808102345415778,min_budget_mxn_sale_total=3.2 MAD; max_budget_mxn_sale_total=2.7 MAD; target_area_sqm=2.7 MAD
4432,investor,small,logistics,Land,rent,8920.2,16222.65,23106.33,,,Puebla,Puebla,angelopolis-lomas,referral,5,64,True,0.9451,2025-04-16,lead,search_sector=Land | search_modality=rent,0.01727345091003285,True,0.9797979797979798,target_area_sqm=4.1 MAD; prior_inquiries=3.4 MAD; prior_searches=0.4 MAD
2554,developer,small,manufacturing,Office,sale,246.3,,,,16629053.66,Estado de México,Naucalpan de Juárez,lomas-verdes-satelite,paid,0,190,False,0.9769,2025-06-17,lead,search_sector=Office | search_modality=sale,0.017043293528131498,True,0.9790697674418605,prior_inquiries=2.6 MAD; prior_searches=0.7 MAD; target_area_sqm=0.6 MAD
4044,investor,large,healthcare,Office,rent,1505.4,443166.47,1541201.7,,,Querétaro,Querétaro,juriquilla-juncos,referral,59,7,False,0.7158,2025-01-12,lead,search_sector=Office | search_modality=rent,0.017034743604612324,True,0.9796747967479674,max_budget_mxn_rent_monthly=3.2 MAD; min_budget_mxn_rent_monthly=2.2 MAD; target_area_sqm=1.9 MAD
2781,broker,large,technology,Industrial,rent,92.0,11262.56,13297.72,,,Guanajuato,León,centro-leon,organic,0,83,True,0.3459,2026-03-22,lead,search_sector=Industrial | search_modality=rent,0.016968370124575527,True,0.9885433715220949,prior_inquiries=3.6 MAD; min_budget_mxn_rent_monthly=2.2 MAD; max_budget_mxn_rent_monthly=2.0 MAD
442,broker,large,retail,Land,sale,778.9,,,,6751438.96,Querétaro,Querétaro,juriquilla-juncos,organic,0,74,True,0.9225,2025-09-14,lead,search_sector=Land | search_modality=sale,0.01680033027464023,True,0.9859154929577465,prior_inquiries=3.5 MAD; target_area_sqm=0.9 MAD; max_budget_mxn_sale_total=0.8 MAD
2118,broker,large,financial,Industrial,both,99.3,12958.87,15056.16,2332596.32,2741021.24,Chihuahua,Chihuahua,centro-chihuahua,social,10,13,True,0.0,2026-02-03,lead,search_sector=Industrial | search_modality=both,0.016435275387558734,True,0.9846153846153847,prior_inquiries=1.9 MAD; target_area_sqm=1.8 MAD; max_budget_mxn_rent_monthly=1.8 MAD
261,broker,large,healthcare,Office,sale,313.1,,,,25435332.13,Nuevo León,Monterrey,macroplaza,organic,2,6,True,0.5675,2025-12-10,lead,search_sector=Office | search_modality=sale,0.016201181063434156,True,0.9767441860465116,prior_inquiries=0.5 MAD; target_area_sqm=0.2 MAD; max_budget_mxn_sale_total=0.0 MAD
4767,tenant_direct,medium,technology,Office,rent,1002.5,,404606.67,,,Nuevo León,Monterrey,macroplaza,referral,4,9,False,0.9189,2026-01-22,lead,search_sector=Office | search_modality=rent,0.01600545581868984,True,0.978319783197832,max_budget_mxn_rent_monthly=1.4 MAD; target_area_sqm=1.3 MAD; prior_inquiries=0.7 MAD
209,broker,small,retail,Office,rent,1171.0,,427074.84,,,Puebla,Puebla,angelopolis-lomas,email,2,5,False,0.5119,2025-03-13,lead,search_sector=Office | search_modality=rent,0.015811821931955072,True,0.9769647696476965,target_area_sqm=1.6 MAD; max_budget_mxn_rent_monthly=1.5 MAD; prior_inquiries=0.4 MAD
1428,broker,medium,technology,Industrial,both,62.1,8009.24,9847.61,1441664.0,1943624.03,Nuevo León,San Pedro Garza García,,referral,5,10,False,0.5936,2025-04-16,lead,search_sector=Industrial | search_modality=both,0.01578146346893472,True,0.9807692307692307,target_area_sqm=2.5 MAD; min_budget_mxn_rent_monthly=2.4 MAD; max_budget_mxn_rent_monthly=2.4 MAD
4573,broker,medium,retail,Land,both,69.5,3018.03,4187.72,543244.8,736618.22,CDMX,Benito Juárez,del-valle-narvarte,organic,8,0,False,0.3118,2026-01-01,lead,search_sector=Land | search_modality=both,0.015427192715258609,True,0.975609756097561,target_area_sqm=2.6 MAD; max_budget_mxn_rent_monthly=2.5 MAD; min_budget_mxn_sale_total=2.5 MAD
200,broker,medium,healthcare,Retail,sale,1825.4,,,74114385.8,88876929.3,Estado de México,Naucalpan de Juárez,lomas-verdes-satelite,organic,0,11,True,0.1693,2025-07-24,lead,search_sector=Retail | search_modality=sale,0.015293436072939315,True,0.9786780383795309,min_budget_mxn_sale_total=2.3 MAD; target_area_sqm=2.1 MAD; max_budget_mxn_sale_total=1.9 MAD
4166,broker,medium,retail,Office,rent,260.1,,78315.71,,,Jalisco,Guadalajara,americana-chapultepec,organic,9,43,False,0.2084,2025-11-11,lead,search_sector=Office | search_modality=rent,0.013412088923366428,True,0.975609756097561,prior_inquiries=1.6 MAD; max_budget_mxn_rent_monthly=0.8 MAD; prior_searches=0.7 MAD
3619,broker,small,technology,Office,sale,805.5,,,,56996267.33,Guanajuato,León,centro-leon,email,2,28,False,0.8562,2025-08-21,lead,search_sector=Office | search_modality=sale,0.013180418438540786,True,0.9744186046511628,prior_inquiries=1.4 MAD; max_budget_mxn_sale_total=1.1 MAD; target_area_sqm=1.0 MAD
688,developer,small,healthcare,Office,rent,2925.5,908926.34,1218261.91,,,Yucatán,Mérida,paseo-montejo,social,0,0,False,1.0,2026-02-20,lead,search_sector=Office | search_modality=rent,0.013012046665262567,True,0.9742547425474255,min_budget_mxn_rent_monthly=3.2 MAD; max_budget_mxn_rent_monthly=2.9 MAD; target_area_sqm=2.8 MAD
505,tenant_direct,enterprise,financial,Industrial,sale,63.8,,,1220422.87,1830581.33,Jalisco,Zapopan,andares-puerta-hierro,referral,32,1,False,1.0,2025-06-03,lead,search_sector=Industrial | search_modality=sale,0.01300261462815977,True,0.9761904761904762,min_budget_mxn_sale_total=3.1 MAD; target_area_sqm=2.8 MAD; max_budget_mxn_sale_total=2.7 MAD
2489,broker,small,healthcare,Retail,sale,152.9,,,6034078.44,8282581.71,Estado de México,Naucalpan de Juárez,lomas-verdes-satelite,organic,57,79,True,0.7546,2025-06-12,lead,search_sector=Retail | search_modality=sale,0.01278540583420884,True,0.976545842217484,prior_inquiries=3.6 MAD; min_budget_mxn_sale_total=1.7 MAD; max_budget_mxn_sale_total=1.5 MAD
1592,broker,large,retail,Retail,rent,87.2,21317.14,28057.76,,,Estado de México,Naucalpan de Juárez,lomas-verdes-satelite,organic,10,0,True,0.1703,2026-04-07,lead,search_sector=Retail | search_modality=rent,0.012392821296411172,True,0.9775725593667546,min_budget_mxn_rent_monthly=2.2 MAD; target_area_sqm=2.1 MAD; max_budget_mxn_rent_monthly=2.1 MAD
2056,tenant_direct,medium,manufacturing,Industrial,rent,501.9,,77344.48,,,CDMX,Benito Juárez,del-valle-narvarte,organic,3,0,True,0.8165,2026-04-21,lead,search_sector=Industrial | search_modality=rent,0.012301455623680901,True,0.9869067103109657,prior_inquiries=0.7 MAD; target_area_sqm=0.3 MAD; max_budget_mxn_rent_monthly=0.3 MAD
2977,tenant_direct,large,logistics,Retail,rent,89.7,22934.83,27871.43,,,Yucatán,Mérida,paseo-montejo,paid,5,71,True,0.4359,2025-03-20,lead,search_sector=Retail | search_modality=rent,0.01229775371784747,True,0.9762532981530343,prior_inquiries=2.5 MAD; min_budget_mxn_rent_monthly=2.1 MAD; max_budget_mxn_rent_monthly=2.1 MAD
938,broker,medium,logistics,Retail,both,2585.5,678395.41,905251.86,122111173.05,171291124.72,Jalisco,Zapopan,andares-puerta-hierro,paid,4,0,False,0.4848,2025-02-27,lead,search_sector=Retail | search_modality=both,0.012289717013441614,True,0.9767441860465116,min_budget_mxn_sale_total=2.9 MAD; min_budget_mxn_rent_monthly=2.8 MAD; target_area_sqm=2.7 MAD
56,investor,medium,technology,Land,rent,516.2,,33333.08,,,Estado de México,Toluca,metepec-toluca,email,58,5,False,0.1581,2025-02-13,lead,search_sector=Land | search_modality=rent,0.012033730364688577,True,0.9772727272727273,prior_searches=1.8 MAD; prior_inquiries=1.1 MAD; max_budget_mxn_rent_monthly=0.6 MAD
1185,broker,small,technology,Industrial,sale,1003.0,,,21168859.14,27882841.79,Yucatán,Mérida,paseo-montejo,organic,52,84,True,0.8046,2025-02-07,lead,search_sector=Industrial | search_modality=sale,0.011496204925715015,True,0.9735449735449735,prior_inquiries=2.1 MAD; min_budget_mxn_sale_total=1.4 MAD; prior_searches=1.3 MAD
1527,tenant_direct,medium,technology,Industrial,rent,86.6,9963.77,13604.4,,,Jalisco,Zapopan,andares-puerta-hierro,organic,0,154,False,0.5053,2025-06-29,lead,search_sector=Industrial | search_modality=rent,0.01039873124307289,True,0.9852700490998363,prior_inquiries=4.2 MAD; min_budget_mxn_rent_monthly=2.4 MAD; target_area_sqm=2.1 MAD
4395,tenant_direct,large,financial,Office,rent,279.4,73927.52,447571.41,,,Baja California,Tijuana,zona-rio-aguacaliente,email,41,0,True,0.2685,2026-02-03,lead,search_sector=Office | search_modality=rent,0.009864226128998843,True,0.9728997289972899,prior_searches=1.6 MAD; max_budget_mxn_rent_monthly=1.5 MAD; prior_inquiries=0.7 MAD
908,broker,large,technology,Industrial,both,111.7,13729.41,20531.35,2471293.84,2904714.69,Estado de México,Toluca,metepec-toluca,organic,29,9,True,0.7133,2026-06-24,lead,search_sector=Industrial | search_modality=both,0.009300830678415584,True,0.9769230769230769,max_budget_mxn_sale_total=1.7 MAD; target_area_sqm=1.7 MAD; min_budget_mxn_rent_monthly=1.7 MAD
2328,broker,,technology,Office,both,83.2,21251.66,31872.27,3825299.57,5365116.69,Estado de México,Toluca,metepec-toluca,paid,2,10,True,0.0,2026-04-15,lead,search_sector=Office | search_modality=both,0.008905324851386953,True,0.975177304964539,min_budget_mxn_rent_monthly=2.3 MAD; min_budget_mxn_sale_total=2.2 MAD; target_area_sqm=2.0 MAD
1350,broker,large,other,Office,rent,619.0,,221407.58,,,CDMX,Cuauhtémoc,roma-condesa,organic,0,29,False,0.1259,2025-07-15,lead,search_sector=Office | search_modality=rent,0.008523621633724554,True,0.9715447154471545,prior_inquiries=1.4 MAD; prior_searches=0.7 MAD; target_area_sqm=0.7 MAD
3016,tenant_direct,small,technology,Retail,rent,2116.5,540958.17,687790.27,,,Baja California,Tijuana,zona-rio-aguacaliente,email,18,10,False,0.789,2026-06-24,lead,search_sector=Retail | search_modality=rent,0.007145965963060941,True,0.974934036939314,min_budget_mxn_rent_monthly=2.8 MAD; max_budget_mxn_rent_monthly=2.5 MAD; target_area_sqm=2.4 MAD
1894,broker,small,financial,Industrial,rent,1749.7,208730.33,267079.08,,,Jalisco,Guadalajara,americana-chapultepec,paid,0,6,True,1.0,2025-09-11,lead,search_sector=Industrial | search_modality=rent,0.0064977255725967575,True,0.983633387888707,min_budget_mxn_rent_monthly=2.2 MAD; target_area_sqm=2.0 MAD; max_budget_mxn_rent_monthly=1.9 MAD
2244,broker,large,healthcare,Retail,rent,124.1,28982.0,35281.02,,,CDMX,Benito Juárez,del-valle-narvarte,organic,27,4,True,0.0754,2025-01-30,lead,search_sector=Retail | search_modality=rent,0.006284640819772203,True,0.9736147757255936,max_budget_mxn_rent_monthly=1.8 MAD; min_budget_mxn_rent_monthly=1.7 MAD; target_area_sqm=1.6 MAD
2903,broker,enterprise,financial,Land,rent,113.2,,5535.29,,,Guanajuato,León,centro-leon,paid,12,0,False,0.0576,2025-02-07,lead,search_sector=Land | search_modality=rent,0.005881523061426419,True,0.9747474747474747,max_budget_mxn_rent_monthly=1.8 MAD; target_area_sqm=1.6 MAD; prior_searches=0.9 MAD
26,broker,large,technology,Retail,rent,76.2,,88709.59,,,Chihuahua,Chihuahua,centro-chihuahua,paid,0,0,False,0.8112,2026-02-12,lead,search_sector=Retail | search_modality=rent,0.005421692093056207,True,0.9722955145118733,target_area_sqm=2.3 MAD; prior_searches=0.7 MAD; prior_inquiries=0.7 MAD
4994,tenant_direct,small,retail,Industrial,rent,86.7,11262.5,15405.03,,,Jalisco,Guadalajara,americana-chapultepec,referral,3,89,True,0.808,2025-08-27,lead,search_sector=Industrial | search_modality=rent,0.005336081547866023,True,0.9819967266775778,prior_inquiries=3.7 MAD; min_budget_mxn_rent_monthly=2.2 MAD; target_area_sqm=2.1 MAD
2342,broker,medium,other,Office,both,71.0,19386.83,22610.44,3489628.86,19633611.6,CDMX,Cuauhtémoc,,paid,28,0,False,0.1676,2026-03-23,lead,search_sector=Office | search_modality=both,0.00527461968841525,True,0.9716312056737588,min_budget_mxn_rent_monthly=2.4 MAD; max_budget_mxn_rent_monthly=2.4 MAD; min_budget_mxn_sale_total=2.3 MAD
587,broker,medium,logistics,Industrial,rent,1153.5,,178439.53,,,Querétaro,Querétaro,juriquilla-juncos,organic,0,9,False,0.0132,2025-11-04,lead,search_sector=Industrial | search_modality=rent,0.004845051618339924,True,0.9803600654664485,prior_inquiries=1.6 MAD; target_area_sqm=1.4 MAD; max_budget_mxn_rent_monthly=1.3 MAD
4035,broker,medium,manufacturing,Land,sale,1581.8,,,12108680.42,16717747.53,Jalisco,Guadalajara,americana-chapultepec,paid,0,83,True,0.8162,2025-03-17,lead,search_sector=Land | search_modality=sale,0.004453042314683464,True,0.9812206572769953,prior_inquiries=3.6 MAD; min_budget_mxn_sale_total=2.2 MAD; max_budget_mxn_sale_total=2.0 MAD
856,tenant_direct,large,retail,Land,sale,1586.5,,,,15058577.23,Yucatán,Mérida,paseo-montejo,organic,6,0,False,0.9684,2026-05-12,lead,search_sector=Land | search_modality=sale,0.0039084134391118575,True,0.9765258215962441,target_area_sqm=1.9 MAD; max_budget_mxn_sale_total=1.8 MAD; prior_inquiries=0.7 MAD
2266,broker,small,technology,Retail,both,1511.9,,422763.88,61951477.35,68148045.83,Jalisco,Guadalajara,americana-chapultepec,referral,2,5,False,0.2334,2026-05-20,lead,search_sector=Retail | search_modality=both,0.003620635242866821,True,0.973421926910299,min_budget_mxn_sale_total=1.9 MAD; target_area_sqm=1.9 MAD; max_budget_mxn_rent_monthly=1.6 MAD
2625,tenant_direct,medium,other,Land,rent,1340.0,59529.87,78322.46,,,Chihuahua,Chihuahua,centro-chihuahua,organic,0,87,True,0.8955,2026-01-28,lead,search_sector=Land | search_modality=rent,0.003227055656529032,True,0.9722222222222222,prior_inquiries=3.7 MAD; min_budget_mxn_rent_monthly=2.0 MAD; max_budget_mxn_rent_monthly=1.7 MAD
2987,broker,enterprise,other,Industrial,rent,148.1,,23546.69,,,San Luis Potosí,San Luis Potosí,lomas-carranza,paid,0,7,False,0.1228,2025-12-04,lead,search_sector=Industrial | search_modality=rent,0.0031272633245177373,True,0.9787234042553191,target_area_sqm=1.4 MAD; prior_inquiries=1.3 MAD; max_budget_mxn_rent_monthly=1.3 MAD
2559,tenant_direct,enterprise,logistics,Industrial,rent,109.6,11733.28,13783.73,,,Jalisco,Guadalajara,americana-chapultepec,paid,13,0,True,0.585,2026-05-28,lead,search_sector=Industrial | search_modality=rent,0.0030207129273885913,True,0.9770867430441899,min_budget_mxn_rent_monthly=2.1 MAD; max_budget_mxn_rent_monthly=2.0 MAD; target_area_sqm=1.8 MAD
4527,tenant_direct,medium,other,Industrial,rent,8797.3,22255.53,30153.46,,,Sonora,Hermosillo,centenario-colosio,social,44,1,False,0.4044,2026-06-10,lead,search_sector=Industrial | search_modality=rent,0.0025170496920376983,True,0.9754500818330606,target_area_sqm=4.2 MAD; prior_searches=1.7 MAD; min_budget_mxn_rent_monthly=1.2 MAD
4427,broker,small,,Retail,rent,3143.8,686493.43,784466.49,,,Jalisco,Zapopan,andares-puerta-hierro,paid,7,5,False,0.496,2025-06-18,lead,search_sector=Retail | search_modality=rent,0.002457011292994804,True,0.9709762532981531,min_budget_mxn_rent_monthly=3.1 MAD; target_area_sqm=2.9 MAD; max_budget_mxn_rent_monthly=2.7 MAD
3497,tenant_direct,small,retail,Industrial,rent,54.6,5934.23,8378.13,,,CDMX,Cuauhtémoc,roma-condesa,paid,4,3,False,0.3304,2025-04-09,lead,search_sector=Industrial | search_modality=rent,0.0020992030261181016,True,0.9738134206219312,min_budget_mxn_rent_monthly=3.1 MAD; target_area_sqm=2.7 MAD; max_budget_mxn_rent_monthly=2.6 MAD
2948,investor,,manufacturing,Office,sale,1928.4,,,105847490.87,135393554.52,Yucatán,Mérida,paseo-montejo,referral,3,3,True,0.8443,2026-02-18,lead,search_sector=Office | search_modality=sale,0.0019242526934746262,True,0.9720930232558139,min_budget_mxn_sale_total=2.4 MAD; max_budget_mxn_sale_total=2.3 MAD; target_area_sqm=2.2 MAD
3781,broker,medium,retail,Retail,sale,1157.3,,,,71478379.78,CDMX,Miguel Hidalgo,polanco,referral,0,0,False,0.5219,2025-09-25,lead,search_sector=Retail | search_modality=sale,0.0017864327526067036,True,0.9744136460554371,max_budget_mxn_sale_total=1.6 MAD; target_area_sqm=1.5 MAD; prior_inquiries=0.7 MAD
1330,broker,small,other,Industrial,rent,1448.6,183949.39,256230.48,,,Querétaro,Querétaro,centro-queretaro,referral,9,11,True,0.1916,2026-06-08,lead,search_sector=Industrial | search_modality=rent,0.0017116434926026658,True,0.972176759410802,min_budget_mxn_rent_monthly=2.0 MAD; max_budget_mxn_rent_monthly=1.8 MAD; prior_inquiries=1.7 MAD
3358,tenant_direct,small,technology,Industrial,sale,2177.7,,,48296147.31,66320681.49,San Luis Potosí,San Luis Potosí,lomas-carranza,organic,57,0,False,0.9892,2026-06-15,lead,search_sector=Industrial | search_modality=sale,0.0016991659486980115,True,0.9708994708994709,min_budget_mxn_sale_total=2.7 MAD; target_area_sqm=2.5 MAD; max_budget_mxn_sale_total=2.5 MAD
2884,broker,large,healthcare,Industrial,rent,118.8,,19404.82,,,Nuevo León,Monterrey,macroplaza,organic,0,1,False,0.7188,2025-12-23,lead,search_sector=Industrial | search_modality=rent,0.001457140770962484,True,0.9705400981996727,target_area_sqm=1.7 MAD; max_budget_mxn_rent_monthly=1.5 MAD; prior_searches=0.7 MAD
2361,investor,medium,technology,Land,sale,1909.8,,,12566079.15,18207712.08,Chihuahua,Chihuahua,centro-chihuahua,paid,5,0,True,0.6452,2025-12-14,lead,search_sector=Land | search_modality=sale,0.0009891831464752254,True,0.971830985915493,min_budget_mxn_sale_total=2.2 MAD; target_area_sqm=2.1 MAD; max_budget_mxn_sale_total=2.1 MAD
4934,broker,,,Industrial,both,584.3,62066.87,86057.68,,16504678.58,Puebla,Puebla,angelopolis-lomas,social,1,2,True,0.5767,2025-04-28,lead,search_sector=Industrial | search_modality=both,0.0004960910071915015,True,0.9730769230769231,target_area_sqm=0.6 MAD; max_budget_mxn_sale_total=0.6 MAD; max_budget_mxn_rent_monthly=0.5 MAD
2754,broker,large,technology,Office,rent,234.1,,76450.6,,,Nuevo León,San Pedro Garza García,vasconcelos-calzada,organic,0,1,False,1.0,2026-03-13,lead,search_sector=Office | search_modality=rent,0.00042501055141530575,True,0.9701897018970189,max_budget_mxn_rent_monthly=0.8 MAD; target_area_sqm=0.7 MAD; prior_searches=0.7 MAD
600,tenant_direct,medium,healthcare,Retail,sale,1105.6,,,,66489267.8,San Luis Potosí,San Luis Potosí,,social,1,0,False,0.3503,2025-08-08,lead,search_sector=Retail | search_modality=sale,0.0003971237470058453,True,0.9722814498933902,max_budget_mxn_sale_total=1.5 MAD; target_area_sqm=1.4 MAD; prior_inquiries=0.7 MAD
2347,investor,medium,technology,Retail,sale,9742.4,,,13245906.55,17937303.49,Estado de México,Toluca,metepec-toluca,email,6,88,True,0.5778,2025-08-08,lead,search_sector=Retail | search_modality=sale,3.9903905296290176e-05,True,0.9701492537313433,target_area_sqm=4.6 MAD; prior_inquiries=3.7 MAD; min_budget_mxn_sale_total=0.5 MAD
