spot_id,broker_id,sector_name,type_name,state,municipality,settlement,corridor,region,lat,lon,title,description,area_sqm,price_sqm_mxn_rent,price_sqm_mxn_sale,price_total_mxn_rent,price_total_mxn_sale,maintenance_cost_mxn,modality,days_on_market,total_inquiries,total_views,is_active,created_at,natural_light,luminaires,charging_ports,security_type,floor_level,elevators,vertical_height_m,parking_spaces,building_status,floor_material,amenities_count,entity,anomaly_group,anomaly_score,isolation_forest_flag,anomaly_percentile_within_group,robust_deviation_explanation
387,171,Retail,Subspace,CDMX,Cuauhtémoc,Roma Norte,roma-condesa,centro,19.430461,-99.141667,"Subspace 7248 m², roma-condesa",Cuenta con todos los servicios y estacionamiento. Excelente ubicación con acceso a vías principales. Recién remodelado con acabados modernos.,7248.7,405.6,,2940072.72,,331685.13,rent,13,1,12,True,2024-01-19,True,0,2.0,none,0,14,,242,good,polished_concrete,0.0,spot,sector_name=Retail | modality=rent,0.12457018843001955,True,1.0,parking_spaces=6.2 MAD; maintenance_cost_mxn=3.7 MAD; area_sqm=3.4 MAD
1718,213,Office,Subspace,CDMX,Cuauhtémoc,Roma Norte,roma-condesa,centro,19.424244,-99.174174,"Subspace en Office - roma-condesa, Cuauhtémoc",Zona de alta plusvalía y demanda comercial. Ideal para oficinas corporativas o centro de distribución.,7321.6,343.43,,2514457.09,,281792.8,rent,42,6,128,True,2026-02-28,True,1,16.0,basic,0,19,,367,new,concrete,3.0,spot,sector_name=Office | modality=rent,0.10038917111419099,True,1.0,parking_spaces=3.3 MAD; elevators=3.2 MAD; area_sqm=2.9 MAD
2002,27,Retail,Single,Jalisco,Guadalajara,Colonia Americana,americana-chapultepec,occidente,20.677201,-103.373912,"Single Retail en americana-chapultepec, Guadalajara",Amplio espacio con buena iluminación natural. Espacio listo para ocupar con acabados de primera.,1602.8,230.64,,369669.79,,35973.41,rent,164,5,70,True,2025-02-18,False,1,19.0,basic,27,12,5.9,58,fair,concrete,0.0,spot,sector_name=Retail | modality=rent,0.08949264647567823,True,0.9962406015037594,parking_spaces=3.8 MAD; floor_level=2.6 MAD; vertical_height_m=2.5 MAD
1993,93,Office,Single,CDMX,Cuauhtémoc,Roma Norte,roma-condesa,centro,19.417527,-99.156151,"Office Single - roma-condesa, Cuauhtémoc",Ideal para oficinas corporativas o centro de distribución.,7190.8,540.18,,3884326.34,,569818.73,rent,27,4,94,True,2025-01-01,True,0,,cctv,9,17,3.3,362,good,concrete,2.0,spot,sector_name=Office | modality=rent,0.072740584012432,True,0.997229916897507,maintenance_cost_mxn=3.4 MAD; parking_spaces=3.3 MAD; elevators=3.0 MAD
2183,164,Industrial,Single,Estado de México,Naucalpan de Juárez,Lomas Verdes,lomas-verdes-satelite,centro,19.503165,-99.275271,"Industrial Single - lomas-verdes-satelite, Naucalpan de Juárez",Espacio versátil adaptable a diferentes giros. Zona de alta plusvalía y demanda comercial.,42579.4,281.39,44146.47,11981417.37,1879730204.72,611941.1,both,100,3,85,False,2024-04-24,False,0,,none,3,88,,853,good,wood,3.0,spot,sector_name=Industrial | modality=both,0.07254435657054392,True,1.0,elevators=2.7 MAD; parking_spaces=2.6 MAD; area_sqm=2.5 MAD
2373,34,Land,Single,CDMX,Benito Juárez,Del Valle,del-valle-narvarte,centro,19.38237,-99.164508,Single de 80077 m² en del-valle-narvarte,Espacio versátil adaptable a diferentes giros. Ideal para oficinas corporativas o centro de distribución. Excelente ubicación con acceso a vías principales.,80077.7,56.56,,4529194.71,,356621.67,rent,39,2,23,True,2024-08-21,True,0,,cctv,30,173,,5,new,concrete,2.0,spot,sector_name=Land | modality=rent,0.07035043176640954,True,1.0,elevators=2.3 MAD; area_sqm=1.9 MAD; maintenance_cost_mxn=1.7 MAD
430,122,Retail,Single,Sonora,Hermosillo,Centenario,centenario-colosio,noroeste,29.084976,-110.974396,"Retail Single - centenario-colosio, Hermosillo",Excelente ubicación con acceso a vías principales. Perfecto para negocio en crecimiento. Cuenta con todos los servicios y estacionamiento.,3114.9,696.98,,2171023.0,,192412.86,rent,62,4,55,True,2024-07-03,True,1,0.0,cctv,0,6,,103,good,concrete,2.0,spot,sector_name=Retail | modality=rent,0.06819306246039569,True,0.9924812030075187,parking_spaces=4.7 MAD; maintenance_cost_mxn=3.2 MAD; area_sqm=2.7 MAD
630,180,Retail,Subspace,Querétaro,Querétaro,Juriquilla,juriquilla-juncos,bajío,20.726777,-100.438727,"Subspace 6674 m², juriquilla-juncos",Excelente ubicación con acceso a vías principales.,6674.7,314.27,57137.26,2097657.97,381374069.32,133259.93,both,12,3,78,True,2024-01-07,True,3,19.0,none,0,15,4.0,223,good,wood,1.0,spot,sector_name=Retail | modality=both,0.06804299362095179,True,1.0,parking_spaces=4.0 MAD; area_sqm=2.9 MAD; elevators=2.8 MAD
754,299,Office,Subspace,Guanajuato,León,Zona Centro,centro-leon,bajío,21.113268,-101.667692,"Office compartido en centro-leon, León",Espacio listo para ocupar con acabados de primera.,10952.3,437.14,,4787688.42,,245369.89,rent,104,11,114,True,2025-06-01,True,4,,basic,4,23,2.4,549,fair,carpet,0.0,spot,sector_name=Office | modality=rent,0.06352593389247574,True,0.9944598337950139,parking_spaces=3.7 MAD; elevators=3.5 MAD; area_sqm=3.3 MAD
1207,29,Office,Single,Sonora,Hermosillo,Centenario,centenario-colosio,noroeste,29.090066,-110.942045,"Office Single - centenario-colosio, Hermosillo",Fácil acceso a transporte público y avenidas principales. Excelente ubicación con acceso a vías principales.,3477.3,452.85,,1574695.31,,105726.71,rent,5,2,28,True,2025-05-16,False,0,0.0,full,29,16,,174,good,wood,4.0,spot,sector_name=Office | modality=rent,0.06287771667682085,True,0.9916897506925207,elevators=2.9 MAD; parking_spaces=2.6 MAD; area_sqm=2.3 MAD
2825,55,Industrial,Single,Querétaro,Querétaro,Juriquilla,juriquilla-juncos,bajío,20.71216,-100.451107,"Industrial Single - juriquilla-juncos, Querétaro",Excelente ubicación con acceso a vías principales. Espacio versátil adaptable a diferentes giros.,58408.5,94.0,16268.2,5490399.0,950201159.7,634252.55,both,164,8,133,True,2025-07-23,False,5,0.0,cctv,26,125,4.3,1171,fair,concrete,1.0,spot,sector_name=Industrial | modality=both,0.055762357292222675,True,0.9964285714285714,floor_level=5.7 MAD; vertical_height_m=3.8 MAD; elevators=3.1 MAD
196,225,Office,Single,Querétaro,Querétaro,Juriquilla,juriquilla-juncos,bajío,20.700426,-100.45692,Single de 4557 m² en juriquilla-juncos,Recién remodelado con acabados modernos. Ubicación estratégica cerca de centros comerciales. Fácil acceso a transporte público y avenidas principales.,4557.3,818.39,,3729648.75,,417274.28,rent,1,8,194,True,2024-05-15,True,18,2.0,basic,0,10,3.2,229,fair,carpet,1.0,spot,sector_name=Office | modality=rent,0.05477462584591264,True,0.9889196675900277,maintenance_cost_mxn=3.1 MAD; parking_spaces=2.9 MAD; price_sqm_mxn_rent=2.8 MAD
425,145,Industrial,Single,Yucatán,Mérida,Centro,paseo-montejo,sureste,20.97516,-89.602035,"Industrial Single - paseo-montejo, Mérida",Zona de alta plusvalía y demanda comercial. Fácil acceso a transporte público y avenidas principales. Ideal para oficinas corporativas o centro de distribución.,36195.9,,18722.92,,677692940.03,,sale,28,4,105,True,2024-12-08,True,0,,cctv,2,73,3.7,726,good,wood,2.0,spot,sector_name=Industrial | modality=sale,0.054304130070594536,True,1.0,vertical_height_m=4.4 MAD; parking_spaces=2.7 MAD; elevators=2.7 MAD
1293,11,Retail,Subspace,Jalisco,Guadalajara,Colonia Americana,americana-chapultepec,occidente,20.671099,-103.375309,"Subspace 464 m², americana-chapultepec",Perfecto para negocio en crecimiento. Excelente ubicación con acceso a vías principales.,464.1,,21111.96,,9798060.64,,sale,145,8,188,True,2026-01-23,True,0,,full,13,7,,16,new,concrete,1.0,spot,sector_name=Retail | modality=sale,0.05299601776370866,True,1.0,price_sqm_mxn_sale=2.2 MAD; floor_level=1.9 MAD; parking_spaces=1.7 MAD
426,134,Retail,Single,Chihuahua,Chihuahua,Centro,centro-chihuahua,norte,28.62928,-106.07444,"Single Retail en centro-chihuahua, Chihuahua",Recién remodelado con acabados modernos. Perfecto para negocio en crecimiento.,1418.8,564.68,,801167.98,,99807.63,rent,29,4,50,True,2024-10-24,False,19,0.0,full,15,8,,49,good,concrete,2.0,spot,sector_name=Retail | modality=rent,0.04880834674996548,True,0.9887218045112782,parking_spaces=3.5 MAD; maintenance_cost_mxn=2.8 MAD; area_sqm=2.1 MAD
1072,203,Retail,Subspace,Guanajuato,León,Zona Centro,centro-leon,bajío,21.112605,-101.668227,"Subspace en Retail - centro-leon, León",Excelente ubicación con acceso a vías principales. Seguridad 24/7 y control de acceso. Zona de alta plusvalía y demanda comercial.,4120.7,237.45,46127.26,978460.21,190076600.28,132700.07,both,28,6,163,True,2025-11-22,False,9,,basic,5,10,4.9,145,good,concrete,0.0,spot,sector_name=Retail | modality=both,0.045860225544453015,True,0.9966777408637874,parking_spaces=3.6 MAD; maintenance_cost_mxn=2.6 MAD; area_sqm=2.5 MAD
1607,96,Office,Subspace,Jalisco,Zapopan,Puerta de Hierro,andares-puerta-hierro,occidente,20.704618,-103.408241,"Subspace 4033 m², andares-puerta-hierro",Excelente ubicación con acceso a vías principales. Cuenta con todos los servicios y estacionamiento.,4033.1,,40962.66,,165206504.05,,sale,305,13,381,True,2024-08-13,True,0,0.0,full,16,14,,204,good,concrete,0.0,spot,sector_name=Office | modality=sale,0.04426370570297333,True,1.0,elevators=2.7 MAD; parking_spaces=2.5 MAD; floor_level=2.1 MAD
1656,259,Retail,Single,CDMX,Miguel Hidalgo,Polanco,polanco,centro,19.438112,-99.206999,"Single Retail en polanco, Miguel Hidalgo",Ubicación estratégica cerca de centros comerciales. Seguridad 24/7 y control de acceso. Espacio listo para ocupar con acabados de primera.,7046.7,,51383.9,,362086928.13,,sale,133,8,192,True,2024-12-12,False,4,0.0,full,1,16,3.6,234,good,,0.0,spot,sector_name=Retail | modality=sale,0.044257154308897206,True,0.9943181818181818,parking_spaces=6.1 MAD; area_sqm=3.4 MAD; elevators=2.9 MAD
869,120,Office,Subspace,CDMX,Miguel Hidalgo,Polanco,polanco,centro,19.427821,-99.190903,"Subspace en Office - polanco, Miguel Hidalgo",Zona de alta plusvalía y demanda comercial.,6505.2,,62566.47,,407007400.64,,sale,2,2,21,True,2025-08-28,False,1,5.0,basic,0,15,3.3,328,fair,concrete,4.0,spot,sector_name=Office | modality=sale,0.043619888556487796,True,0.9955555555555555,parking_spaces=2.9 MAD; elevators=2.8 MAD; area_sqm=2.4 MAD
1809,27,Office,Single,Yucatán,Mérida,Centro,paseo-montejo,sureste,20.97696,-89.626545,"Single Office en paseo-montejo, Mérida",Seguridad 24/7 y control de acceso. Recién remodelado con acabados modernos. Excelente ubicación con acceso a vías principales.,1818.1,369.14,,671133.43,,90312.15,rent,3,2,42,True,2025-10-22,False,4,4.0,cctv,30,14,,91,good,concrete,2.0,spot,sector_name=Office | modality=rent,0.04147949186534727,True,0.9861495844875346,elevators=2.7 MAD; parking_spaces=2.0 MAD; maintenance_cost_mxn=2.0 MAD
472,267,Retail,Single,Yucatán,Mérida,Centro,paseo-montejo,sureste,20.976873,-89.611607,Single de 5304 m² en paseo-montejo,Perfecto para negocio en crecimiento. Zona de alta plusvalía y demanda comercial. Recién remodelado con acabados modernos.,5304.8,217.74,46769.59,1155067.15,248103321.03,148389.41,both,81,4,86,True,2025-10-25,True,0,0.0,basic,26,20,4.4,178,good,wood,2.0,spot,sector_name=Retail | modality=both,0.040088884064632846,True,0.9933554817275747,parking_spaces=3.8 MAD; elevators=3.2 MAD; maintenance_cost_mxn=2.7 MAD
2495,268,Industrial,Single,CDMX,Cuauhtémoc,Roma Norte,roma-condesa,centro,19.41478,-99.16984,"Single Industrial en roma-condesa, Cuauhtémoc",Zona de alta plusvalía y demanda comercial.,31843.5,468.56,,14920590.36,,1665495.14,rent,27,3,40,True,2025-12-14,False,5,0.0,cctv,0,66,6.1,636,new,ceramic,0.0,spot,sector_name=Industrial | modality=rent,0.039423677273000224,True,1.0,price_sqm_mxn_rent=2.9 MAD; maintenance_cost_mxn=2.8 MAD; elevators=2.3 MAD
701,299,Industrial,Single,CDMX,Cuauhtémoc,Roma Norte,roma-condesa,centro,19.422852,-99.164204,"Single Industrial en roma-condesa, Cuauhtémoc",Zona de alta plusvalía y demanda comercial. Excelente ubicación con acceso a vías principales.,47296.4,149.78,27003.37,7084054.79,1277162188.87,439139.02,both,269,13,184,True,2024-08-24,True,38,0.0,basic,0,94,,946,new,polished_concrete,0.0,spot,sector_name=Industrial | modality=both,0.03858001989218429,True,0.9928571428571429,elevators=2.8 MAD; parking_spaces=2.7 MAD; area_sqm=2.6 MAD
2403,81,Retail,Single,CDMX,Benito Juárez,Del Valle,del-valle-narvarte,centro,19.393358,-99.18238,"Single Retail en del-valle-narvarte, Benito Juárez",Fácil acceso a transporte público y avenidas principales. Ideal para oficinas corporativas o centro de distribución.,44.3,518.77,109510.36,22981.51,4851308.95,1986.28,both,152,7,137,True,2025-05-09,False,4,,cctv,30,11,,2,good,concrete,1.0,spot,sector_name=Retail | modality=both,0.037895546701274596,True,0.9900332225913622,floor_level=2.7 MAD; elevators=2.3 MAD; price_sqm_mxn_sale=2.1 MAD
1550,150,Land,Single,Nuevo León,San Pedro Garza García,Del Valle,vasconcelos-calzada,noreste,25.660992,-100.363618,"Land Single - vasconcelos-calzada, San Pedro Garza García",Excelente ubicación con acceso a vías principales. Perfecto para negocio en crecimiento.,520.8,15.0,,7812.0,,732.04,rent,88,2,24,True,2024-12-18,False,11,,none,0,6,,2,fair,concrete,3.0,spot,sector_name=Land | modality=rent,0.03774807652474221,True,0.9949238578680203,maintenance_cost_mxn=2.1 MAD; price_sqm_mxn_rent=1.9 MAD; area_sqm=1.7 MAD
1515,99,Land,Single,Estado de México,Toluca,Metepec,metepec-toluca,centro,19.27327,-99.584358,Single de 304 m² en metepec-toluca,Espacio versátil adaptable a diferentes giros. Recién remodelado con acabados modernos. Zona de alta plusvalía y demanda comercial.,304.1,,13810.36,,4199730.48,,sale,103,9,188,True,2024-06-24,True,10,18.0,basic,3,2,0.0,0,good,polished_concrete,4.0,spot,sector_name=Land | modality=sale,0.03716264577942008,True,1.0,area_sqm=2.5 MAD; parking_spaces=1.8 MAD; luminaires=1.7 MAD
1937,171,Retail,Single,CDMX,Miguel Hidalgo,Polanco,polanco,centro,19.432111,-99.180803,"Retail Single - polanco, Miguel Hidalgo",Ideal para oficinas corporativas o centro de distribución. Recién remodelado con acabados modernos. Espacio versátil adaptable a diferentes giros.,20.0,170.75,31203.48,3415.0,624069.6,401.36,both,21,2,34,True,2025-01-18,True,0,,cctv,28,10,,1,good,ceramic,0.0,spot,sector_name=Retail | modality=both,0.03657881219677683,True,0.9867109634551495,floor_level=2.6 MAD; elevators=2.2 MAD; price_sqm_mxn_rent=1.4 MAD
542,279,Retail,Single,Baja California,Tijuana,Zona Río,zona-rio-aguacaliente,noroeste,32.519704,-117.043945,Single de 58 m² en zona-rio-aguacaliente,Recién remodelado con acabados modernos. Ideal para oficinas corporativas o centro de distribución. Espacio listo para ocupar con acabados de primera.,58.6,121.67,25105.0,7129.86,1471153.0,503.51,both,7,1,10,True,2025-09-03,True,10,13.0,basic,25,8,2.7,2,fair,carpet,0.0,spot,sector_name=Retail | modality=both,0.036466222411379756,True,0.9833887043189369,vertical_height_m=2.7 MAD; floor_level=2.5 MAD; price_sqm_mxn_rent=2.4 MAD
602,76,Land,Single,Estado de México,Toluca,Metepec,metepec-toluca,centro,19.261932,-99.610152,"Land Single - metepec-toluca, Toluca",Recién remodelado con acabados modernos. Excelente ubicación con acceso a vías principales. Espacio listo para ocupar con acabados de primera.,4335.3,,5964.72,,25858850.62,,sale,30,2,49,False,2025-03-27,False,30,,basic,7,11,,0,good,concrete,0.0,spot,sector_name=Land | modality=sale,0.03538291292948603,True,0.9920634920634921,luminaires=2.7 MAD; parking_spaces=1.8 MAD; amenities_count=1.5 MAD
2928,283,Industrial,Single,Jalisco,Guadalajara,Colonia Americana,americana-chapultepec,occidente,20.668808,-103.365256,"Single Industrial en americana-chapultepec, Guadalajara",Espacio versátil adaptable a diferentes giros. Espacio listo para ocupar con acabados de primera. Recién remodelado con acabados modernos.,31979.0,119.72,,3828525.88,,226485.83,rent,190,8,199,True,2026-03-27,False,0,16.0,basic,13,68,7.5,640,fair,carpet,4.0,spot,sector_name=Industrial | modality=rent,0.034210983516967386,True,0.9972826086956522,elevators=2.3 MAD; parking_spaces=2.0 MAD; area_sqm=1.9 MAD
64,184,Office,Single,Estado de México,Toluca,Metepec,metepec-toluca,centro,19.260209,-99.617976,"Office Single - metepec-toluca, Toluca",Zona de alta plusvalía y demanda comercial. Excelente ubicación con acceso a vías principales.,3928.6,201.94,,793341.48,,46715.47,rent,30,2,40,True,2026-02-02,True,14,0.0,cctv,4,10,1.5,196,fair,polished_concrete,0.0,spot,sector_name=Office | modality=rent,0.03271191152222508,True,0.9833795013850416,vertical_height_m=4.4 MAD; parking_spaces=2.7 MAD; area_sqm=2.4 MAD
943,67,Industrial,Subspace,Nuevo León,Monterrey,Centro,macroplaza,noreste,25.664121,-100.318551,"Subspace en Industrial - macroplaza, Monterrey",Ideal para oficinas corporativas o centro de distribución. Seguridad 24/7 y control de acceso.,25533.1,187.57,,4789243.57,,406212.54,rent,171,11,224,True,2025-08-29,True,5,15.0,basic,8,54,10.3,513,good,polished_concrete,3.0,spot,sector_name=Industrial | modality=rent,0.03193235986896448,True,0.9945652173913043,elevators=2.1 MAD; vertical_height_m=1.9 MAD; maintenance_cost_mxn=1.8 MAD
190,145,Office,Single,Querétaro,Querétaro,Juriquilla,juriquilla-juncos,bajío,20.711672,-100.44823,"Office Single - juriquilla-juncos, Querétaro",Seguridad 24/7 y control de acceso.,10025.9,221.31,40072.25,2218831.93,401760371.27,128798.59,both,129,10,118,True,2026-02-28,True,2,0.0,cctv,0,21,2.3,503,good,concrete,0.0,spot,sector_name=Office | modality=both,0.030937848351793362,True,1.0,parking_spaces=3.6 MAD; elevators=3.3 MAD; area_sqm=2.9 MAD
698,70,Office,Single,Jalisco,Zapopan,Puerta de Hierro,andares-puerta-hierro,occidente,20.704649,-103.432291,"Office Single - andares-puerta-hierro, Zapopan",Ubicación estratégica cerca de centros comerciales.,2079.2,361.17,77035.48,750944.66,160172170.02,90648.96,both,275,6,75,True,2024-08-05,True,39,2.0,full,9,7,,106,good,polished_concrete,0.0,spot,sector_name=Office | modality=both,0.03058641004785212,True,0.9965753424657534,parking_spaces=2.1 MAD; maintenance_cost_mxn=1.9 MAD; area_sqm=1.8 MAD
2597,246,Office,Single,Nuevo León,San Pedro Garza García,Del Valle,vasconcelos-calzada,noreste,25.667011,-100.377051,"Office Single - vasconcelos-calzada, San Pedro Garza García",Cuenta con todos los servicios y estacionamiento. Recién remodelado con acabados modernos.,10481.9,258.41,50256.9,2708627.78,526787800.11,196786.19,both,221,14,177,True,2025-07-10,True,0,0.0,none,3,24,3.5,527,needs_renovation,concrete,0.0,spot,sector_name=Office | modality=both,0.030144467217378512,True,0.9931506849315068,parking_spaces=3.7 MAD; elevators=3.5 MAD; area_sqm=3.0 MAD
650,115,Retail,Subspace,Jalisco,Guadalajara,Colonia Americana,americana-chapultepec,occidente,20.672018,-103.373693,"Subspace en Retail - americana-chapultepec, Guadalajara",Cuenta con todos los servicios y estacionamiento. Espacio versátil adaptable a diferentes giros. Seguridad 24/7 y control de acceso.,29.6,181.16,,5362.34,,307.66,rent,157,10,249,True,2025-10-19,True,12,,basic,0,0,,0,fair,,0.0,spot,sector_name=Retail | modality=rent,0.02459710760366085,True,0.9849624060150376,parking_spaces=3.0 MAD; elevators=1.8 MAD; maintenance_cost_mxn=1.5 MAD
706,114,Office,Subspace,Nuevo León,Monterrey,Centro,macroplaza,noreste,25.676572,-100.316964,"Subspace 3517 m², macroplaza",Zona de alta plusvalía y demanda comercial. Excelente ubicación con acceso a vías principales. Recién remodelado con acabados modernos.,3517.4,,41766.24,,146908572.58,,sale,126,6,137,True,2025-05-17,True,0,8.0,basic,3,10,2.2,177,new,ceramic,4.0,spot,sector_name=Office | modality=sale,0.02448432928898514,True,0.9911111111111112,parking_spaces=2.4 MAD; elevators=2.2 MAD; vertical_height_m=2.1 MAD
1102,149,Land,Single,Jalisco,Zapopan,Puerta de Hierro,andares-puerta-hierro,occidente,20.711339,-103.411309,"Single Land en andares-puerta-hierro, Zapopan",Ubicación estratégica cerca de centros comerciales. Ideal para oficinas corporativas o centro de distribución. Perfecto para negocio en crecimiento.,39906.6,174.16,30548.94,6950133.46,1219104329.0,399758.94,both,20,2,43,True,2024-06-27,True,3,0.0,none,10,83,0.0,0,good,concrete,0.0,spot,sector_name=Land | modality=both,0.023750468439010186,True,1.0,parking_spaces=2.6 MAD; price_sqm_mxn_sale=2.4 MAD; price_sqm_mxn_rent=2.4 MAD
1324,120,Office,Subspace,CDMX,Miguel Hidalgo,Polanco,polanco,centro,19.445728,-99.184593,"Subspace en Office - polanco, Miguel Hidalgo",Espacio listo para ocupar con acabados de primera. Espacio versátil adaptable a diferentes giros. Seguridad 24/7 y control de acceso.,7178.4,344.77,,2474896.97,,343156.97,rent,49,6,66,True,2026-03-27,True,15,0.0,cctv,8,19,3.1,358,new,wood,2.0,spot,sector_name=Office | modality=rent,0.023522582788598645,True,0.9806094182825484,parking_spaces=3.3 MAD; elevators=3.2 MAD; maintenance_cost_mxn=3.0 MAD
2456,256,Industrial,Single,Jalisco,Zapopan,Puerta de Hierro,andares-puerta-hierro,occidente,20.706129,-103.408511,"Single Industrial en andares-puerta-hierro, Zapopan",Ubicación estratégica cerca de centros comerciales. Fácil acceso a transporte público y avenidas principales.,40452.4,122.91,,4972004.48,,693234.6,rent,18,5,95,True,2024-12-06,True,0,0.0,basic,9,86,9.1,810,good,carpet,0.0,spot,sector_name=Industrial | modality=rent,0.022650697411288667,True,0.9918478260869565,elevators=2.6 MAD; maintenance_cost_mxn=2.2 MAD; parking_spaces=2.2 MAD
177,41,Industrial,Subspace,CDMX,Cuauhtémoc,Roma Norte,roma-condesa,centro,19.419064,-99.164779,"Subspace en Industrial - roma-condesa, Cuauhtémoc",Seguridad 24/7 y control de acceso. Fácil acceso a transporte público y avenidas principales. Perfecto para negocio en crecimiento.,31730.4,121.14,17569.11,3843820.66,557474887.94,403876.67,both,89,9,117,True,2025-07-01,True,19,2.0,cctv,3,64,12.8,637,fair,wood,3.0,spot,sector_name=Industrial | modality=both,0.022038729501693166,True,0.9892857142857143,vertical_height_m=3.1 MAD; elevators=2.3 MAD; parking_spaces=2.3 MAD
744,14,Industrial,Single,Chihuahua,Chihuahua,Centro,centro-chihuahua,norte,28.634846,-106.082513,Single de 35371 m² en centro-chihuahua,Recién remodelado con acabados modernos.,35371.3,,14470.86,,511853130.32,,sale,70,9,205,True,2026-01-09,False,3,0.0,cctv,3,71,,709,new,ceramic,4.0,spot,sector_name=Industrial | modality=sale,0.021867098921578565,True,0.9957264957264957,parking_spaces=2.7 MAD; elevators=2.6 MAD; area_sqm=2.4 MAD
308,283,Land,Single,CDMX,Miguel Hidalgo,Polanco,polanco,centro,19.43179,-99.192605,"Single Land en polanco, Miguel Hidalgo",Perfecto para negocio en crecimiento.,72731.5,93.12,14973.36,6772757.28,1089034932.84,669499.77,both,88,3,52,True,2024-04-07,True,4,0.0,basic,3,148,,2,good,ceramic,4.0,spot,sector_name=Land | modality=both,0.021722279412278334,True,0.9942528735632183,elevators=2.9 MAD; maintenance_cost_mxn=2.4 MAD; area_sqm=2.2 MAD
327,119,Office,Subspace,Puebla,Puebla,Angelópolis,angelopolis-lomas,centro-oriente,19.014338,-98.246416,"Subspace en Office - angelopolis-lomas, Puebla",Ubicación estratégica cerca de centros comerciales. Excelente ubicación con acceso a vías principales.,47.5,347.95,73157.29,16527.62,3474971.27,2018.46,both,97,7,109,True,2025-06-03,True,11,,full,28,11,,2,new,polished_concrete,2.0,spot,sector_name=Office | modality=both,0.02124391621980093,True,0.9897260273972602,floor_level=2.6 MAD; elevators=2.3 MAD; parking_spaces=1.3 MAD
269,179,Retail,Single,Guanajuato,León,Zona Centro,centro-leon,bajío,21.134609,-101.68351,"Retail Single - centro-leon, León",Recién remodelado con acabados modernos.,2865.8,433.36,83660.44,1241923.09,239754088.95,143914.71,both,61,4,103,True,2025-06-07,True,0,0.0,cctv,27,14,3.9,95,good,polished_concrete,1.0,spot,sector_name=Retail | modality=both,0.021154978734076013,True,0.9800664451827242,parking_spaces=3.1 MAD; maintenance_cost_mxn=2.7 MAD; elevators=2.7 MAD
2148,31,Land,Single,Chihuahua,Chihuahua,Centro,centro-chihuahua,norte,28.627838,-106.069488,Single de 17382 m² en centro-chihuahua,Espacio listo para ocupar con acabados de primera.,17382.6,193.91,39827.14,3370659.97,692299243.76,337693.16,both,296,7,178,True,2026-01-28,True,6,5.0,cctv,3,36,0.0,1,fair,concrete,3.0,spot,sector_name=Land | modality=both,0.020610424038957964,True,0.9885057471264368,price_sqm_mxn_sale=2.9 MAD; price_sqm_mxn_rent=2.6 MAD; maintenance_cost_mxn=2.0 MAD
83,129,Industrial,Single,Jalisco,Guadalajara,Colonia Americana,americana-chapultepec,occidente,20.6723,-103.377843,"Single Industrial en americana-chapultepec, Guadalajara",Excelente ubicación con acceso a vías principales. Perfecto para negocio en crecimiento. Fácil acceso a transporte público y avenidas principales.,340.5,96.46,20561.01,32844.63,7001023.9,1942.13,both,24,0,0,True,2025-03-19,False,19,3.0,cctv,3,1,,9,good,concrete,3.0,spot,sector_name=Industrial | modality=both,0.020174321428730657,True,0.9857142857142858,maintenance_cost_mxn=2.4 MAD; floor_level=2.0 MAD; area_sqm=2.0 MAD
2193,39,Industrial,Subspace,Yucatán,Mérida,Centro,paseo-montejo,sureste,20.975596,-89.616694,"Subspace en Industrial - paseo-montejo, Mérida",Cuenta con todos los servicios y estacionamiento. Recién remodelado con acabados modernos. Espacio listo para ocupar con acabados de primera.,6857.7,,43549.29,,298647966.03,,sale,121,13,264,True,2024-01-31,True,7,16.0,cctv,0,15,,139,fair,,0.0,spot,sector_name=Industrial | modality=sale,0.019464119160160775,True,0.9914529914529915,price_sqm_mxn_sale=1.5 MAD; parking_spaces=1.1 MAD; area_sqm=0.9 MAD
955,117,Office,Single,Nuevo León,Monterrey,Centro,macroplaza,noreste,25.696394,-100.311655,Single de 10328 m² en macroplaza,Amplio espacio con buena iluminación natural. Zona de alta plusvalía y demanda comercial.,10328.5,279.1,52519.34,2882684.35,542446003.19,145614.4,both,62,2,46,True,2025-01-02,False,3,0.0,cctv,3,21,3.8,519,new,ceramic,2.0,spot,sector_name=Office | modality=both,0.018824093672773268,True,0.9863013698630136,parking_spaces=3.7 MAD; elevators=3.3 MAD; area_sqm=3.0 MAD
2685,106,Land,Single,CDMX,Benito Juárez,Del Valle,del-valle-narvarte,centro,19.377165,-99.15111,"Single Land en del-valle-narvarte, Benito Juárez",Zona de alta plusvalía y demanda comercial. Amplio espacio con buena iluminación natural. Fácil acceso a transporte público y avenidas principales.,136403.0,133.23,,18172971.69,,1505376.76,rent,25,2,43,True,2025-06-09,True,0,0.0,cctv,0,273,0.0,1,fair,ceramic,0.0,spot,sector_name=Land | modality=rent,0.018519573275857737,True,0.9898477157360406,elevators=2.7 MAD; maintenance_cost_mxn=2.6 MAD; area_sqm=2.3 MAD
578,205,Industrial,Single,Jalisco,Zapopan,Puerta de Hierro,andares-puerta-hierro,occidente,20.710481,-103.408569,Single de 200 m² en andares-puerta-hierro,Espacio versátil adaptable a diferentes giros. Excelente ubicación con acceso a vías principales.,200.0,,37805.06,,7561012.0,,sale,78,4,42,True,2025-12-17,False,13,0.0,basic,9,3,,4,good,,0.0,spot,sector_name=Industrial | modality=sale,0.018001491461973274,True,0.9871794871794872,parking_spaces=2.3 MAD; area_sqm=2.2 MAD; floor_level=1.6 MAD
1231,55,Retail,Single,CDMX,Miguel Hidalgo,Polanco,polanco,centro,19.427789,-99.19596,"Single Retail en polanco, Miguel Hidalgo",Espacio listo para ocupar con acabados de primera. Recién remodelado con acabados modernos.,628.9,201.51,31868.32,126729.64,20041986.45,15869.98,both,19,3,39,True,2026-05-11,True,0,18.0,basic,1,1,,22,needs_renovation,polished_concrete,0.0,spot,sector_name=Retail | modality=both,0.017477466408476916,True,0.9767441860465116,parking_spaces=1.5 MAD; price_sqm_mxn_sale=1.2 MAD; area_sqm=1.2 MAD
606,44,Industrial,Single,CDMX,Benito Juárez,Del Valle,del-valle-narvarte,centro,19.39764,-99.180931,"Single Industrial en del-valle-narvarte, Benito Juárez",Excelente ubicación con acceso a vías principales. Espacio listo para ocupar con acabados de primera.,741.4,94.0,,69691.6,,5725.69,rent,289,12,294,True,2026-01-08,False,20,0.0,cctv,28,11,,17,new,concrete,4.0,spot,sector_name=Industrial | modality=rent,0.016402379648616017,True,0.9891304347826086,maintenance_cost_mxn=1.3 MAD; luminaires=1.2 MAD; area_sqm=1.1 MAD
2508,132,Land,Subspace,Sonora,Hermosillo,Centenario,centenario-colosio,noroeste,29.073025,-110.955132,"Subspace 9337 m², centenario-colosio",Espacio versátil adaptable a diferentes giros. Excelente ubicación con acceso a vías principales. Amplio espacio con buena iluminación natural.,9337.0,37.48,7555.63,349950.76,70546917.31,23597.61,both,254,9,269,True,2024-10-25,False,14,,none,27,28,,2,new,ceramic,4.0,spot,sector_name=Land | modality=both,0.016089804899306226,True,0.9827586206896551,floor_level=2.6 MAD; elevators=1.1 MAD; luminaires=1.0 MAD
565,197,Industrial,Single,Guanajuato,León,Zona Centro,centro-leon,bajío,21.133693,-101.702965,Single de 33722 m² en centro-leon,Perfecto para negocio en crecimiento. Espacio versátil adaptable a diferentes giros. Amplio espacio con buena iluminación natural.,33722.4,111.02,,3743860.85,,203759.64,rent,47,4,55,False,2025-06-29,True,35,,none,0,70,8.3,677,fair,ceramic,0.0,spot,sector_name=Industrial | modality=rent,0.01574738951795729,True,0.9864130434782609,elevators=2.4 MAD; parking_spaces=2.0 MAD; area_sqm=2.0 MAD
1411,38,Retail,Single,Chihuahua,Chihuahua,Centro,centro-chihuahua,norte,28.636689,-106.086617,"Single Retail en centro-chihuahua, Chihuahua",Amplio espacio con buena iluminación natural. Ideal para oficinas corporativas o centro de distribución.,1662.7,193.05,,320984.24,,19058.91,rent,90,5,105,False,2024-06-04,True,4,,cctv,3,5,4.5,61,new,concrete,3.0,spot,sector_name=Retail | modality=rent,0.014914355830786374,True,0.981203007518797,parking_spaces=3.9 MAD; area_sqm=2.3 MAD; maintenance_cost_mxn=1.5 MAD
1494,154,Industrial,Single,San Luis Potosí,San Luis Potosí,Lomas,lomas-carranza,centro-norte,22.156259,-100.966711,Single de 452 m² en lomas-carranza,Amplio espacio con buena iluminación natural.,452.4,99.38,15154.33,44959.51,6855818.89,2436.6,both,30,4,119,True,2025-12-20,True,38,3.0,cctv,0,0,7.4,10,good,carpet,4.0,spot,sector_name=Industrial | modality=both,0.014796593468167418,True,0.9821428571428571,elevators=2.6 MAD; maintenance_cost_mxn=2.2 MAD; area_sqm=1.7 MAD
2896,66,Land,Single,Baja California,Tijuana,Zona Río,zona-rio-aguacaliente,noroeste,32.521069,-117.04875,Single de 69072 m² en zona-rio-aguacaliente,Espacio listo para ocupar con acabados de primera. Fácil acceso a transporte público y avenidas principales.,69072.8,46.44,7823.43,3207740.83,540386215.7,427603.33,both,156,4,68,True,2026-02-27,True,2,4.0,cctv,7,143,0.0,0,good,wood,2.0,spot,sector_name=Land | modality=both,0.013210200572454478,True,0.9770114942528736,elevators=2.9 MAD; parking_spaces=2.6 MAD; area_sqm=2.2 MAD
1959,121,Industrial,Single,Jalisco,Guadalajara,Colonia Americana,americana-chapultepec,occidente,20.668644,-103.375212,Single de 242 m² en americana-chapultepec,Ideal para oficinas corporativas o centro de distribución. Excelente ubicación con acceso a vías principales. Espacio versátil adaptable a diferentes giros.,242.8,99.33,,24117.32,,2678.91,rent,31,1,21,True,2025-08-25,True,3,0.0,cctv,2,2,,5,new,ceramic,0.0,spot,sector_name=Industrial | modality=rent,0.01305026293479139,True,0.9836956521739131,area_sqm=2.0 MAD; parking_spaces=2.0 MAD; maintenance_cost_mxn=1.9 MAD
1911,140,Land,Single,Baja California,Tijuana,Zona Río,zona-rio-aguacaliente,noroeste,32.523318,-117.032554,"Land Single - zona-rio-aguacaliente, Tijuana",Recién remodelado con acabados modernos. Espacio versátil adaptable a diferentes giros. Seguridad 24/7 y control de acceso.,389.1,100.48,,39096.77,,4002.74,rent,149,6,132,True,2026-05-25,True,3,,basic,3,1,,2,fair,ceramic,0.0,spot,sector_name=Land | modality=rent,0.012834506644607835,True,0.9847715736040609,area_sqm=1.9 MAD; elevators=1.6 MAD; price_sqm_mxn_rent=1.3 MAD
2579,273,Office,Single,CDMX,Miguel Hidalgo,Polanco,polanco,centro,19.418402,-99.187583,"Office Single - polanco, Miguel Hidalgo",Recién remodelado con acabados modernos.,2004.1,,68936.78,,138156200.8,,sale,68,5,145,True,2025-09-21,False,4,3.0,none,14,9,,101,good,polished_concrete,0.0,spot,sector_name=Office | modality=sale,0.012241847092340552,True,0.9866666666666667,elevators=2.0 MAD; floor_level=2.0 MAD; parking_spaces=1.9 MAD
1247,149,Industrial,Single,Querétaro,Querétaro,Centro Histórico,centro-queretaro,bajío,20.58714,-100.393291,"Industrial Single - centro-queretaro, Querétaro",Ideal para oficinas corporativas o centro de distribución. Recién remodelado con acabados modernos.,2292.1,140.57,,322200.5,,27246.26,rent,12,3,77,True,2025-04-02,True,3,16.0,cctv,21,12,,48,needs_renovation,polished_concrete,4.0,spot,sector_name=Industrial | modality=rent,0.0114456200501728,True,0.9809782608695652,amenities_count=0.9 MAD; elevators=0.4 MAD; maintenance_cost_mxn=0.2 MAD
2714,235,Office,Single,Nuevo León,San Pedro Garza García,Del Valle,vasconcelos-calzada,noreste,25.657534,-100.364856,"Single Office en vasconcelos-calzada, San Pedro Garza García",Seguridad 24/7 y control de acceso.,3915.7,272.29,54895.89,1066205.95,214955836.47,147985.23,both,11,2,29,True,2024-04-19,True,5,2.0,full,0,7,,196,good,polished_concrete,0.0,spot,sector_name=Office | modality=both,0.011325041759515542,True,0.9828767123287672,parking_spaces=2.7 MAD; area_sqm=2.2 MAD; maintenance_cost_mxn=2.2 MAD
2460,93,Office,Subspace,Estado de México,Naucalpan de Juárez,Lomas Verdes,lomas-verdes-satelite,centro,19.503427,-99.29366,"Subspace en Office - lomas-verdes-satelite, Naucalpan de Juárez",Espacio listo para ocupar con acabados de primera. Ubicación estratégica cerca de centros comerciales.,2514.2,831.04,,2089400.77,,247230.04,rent,124,7,88,True,2025-06-19,True,5,0.0,cctv,4,9,2.5,127,new,wood,4.0,spot,sector_name=Office | modality=rent,0.01104673109898724,True,0.9778393351800554,price_sqm_mxn_rent=2.9 MAD; maintenance_cost_mxn=2.7 MAD; parking_spaces=2.3 MAD
1145,233,Industrial,Subspace,Chihuahua,Chihuahua,Centro,centro-chihuahua,norte,28.63043,-106.076658,"Subspace en Industrial - centro-chihuahua, Chihuahua",Cuenta con todos los servicios y estacionamiento. Perfecto para negocio en crecimiento. Zona de alta plusvalía y demanda comercial.,51589.5,96.76,17236.44,4991800.02,889219321.38,698720.06,both,84,5,106,True,2024-05-29,True,0,0.0,basic,1,106,10.6,1033,fair,wood,3.0,spot,sector_name=Industrial | modality=both,0.010156517377072016,True,0.9785714285714285,elevators=2.9 MAD; parking_spaces=2.8 MAD; area_sqm=2.7 MAD
1503,23,Industrial,Subspace,Nuevo León,San Pedro Garza García,Del Valle,vasconcelos-calzada,noreste,25.657266,-100.357183,"Subspace en Industrial - vasconcelos-calzada, San Pedro Garza García",Amplio espacio con buena iluminación natural.,25322.9,102.14,,2586481.01,,232123.21,rent,117,7,70,True,2026-04-19,True,5,,basic,2,51,12.0,509,good,,0.0,spot,sector_name=Industrial | modality=rent,0.009649727075374703,True,0.9782608695652174,vertical_height_m=3.0 MAD; elevators=2.0 MAD; parking_spaces=1.8 MAD
1733,292,Industrial,Single,San Luis Potosí,San Luis Potosí,Lomas,lomas-carranza,centro-norte,22.169028,-100.969508,"Industrial Single - lomas-carranza, San Luis Potosí",Fácil acceso a transporte público y avenidas principales. Amplio espacio con buena iluminación natural.,16501.8,114.0,18625.78,1881205.2,307358896.4,241207.39,both,23,5,130,True,2025-05-15,False,1,,cctv,6,36,,334,fair,concrete,4.0,spot,sector_name=Industrial | modality=both,0.009157793817287985,True,0.975,floor_level=3.1 MAD; parking_spaces=1.7 MAD; elevators=1.7 MAD
484,220,Office,Single,CDMX,Miguel Hidalgo,Polanco,polanco,centro,19.428504,-99.187769,Single de 3898 m² en polanco,Excelente ubicación con acceso a vías principales. Amplio espacio con buena iluminación natural. Espacio listo para ocupar con acabados de primera.,3898.1,238.01,42814.55,927786.78,166895397.36,61415.05,both,40,4,103,True,2025-07-05,True,9,0.0,cctv,24,15,2.1,195,fair,carpet,3.0,spot,sector_name=Office | modality=both,0.008865468150455968,True,0.9794520547945206,elevators=2.8 MAD; parking_spaces=2.7 MAD; floor_level=2.5 MAD
247,279,Industrial,Single,Baja California,Tijuana,Zona Río,zona-rio-aguacaliente,noroeste,32.505303,-117.021786,"Single Industrial en zona-rio-aguacaliente, Tijuana",Ideal para oficinas corporativas o centro de distribución.,8716.6,94.0,,819360.4,,70609.9,rent,24,4,42,True,2024-01-25,True,0,4.0,cctv,29,28,,176,good,ceramic,2.0,spot,sector_name=Industrial | modality=rent,0.008731158364297276,True,0.9755434782608695,elevators=1.3 MAD; parking_spaces=0.9 MAD; area_sqm=0.9 MAD
1084,19,Land,Single,Querétaro,Querétaro,Centro Histórico,centro-queretaro,bajío,20.586413,-100.393095,Single de 8337 m² en centro-queretaro,Zona de alta plusvalía y demanda comercial.,8337.6,47.6,,396869.76,,53452.72,rent,200,3,78,True,2026-06-10,True,39,9.0,cctv,9,21,,1,new,concrete,3.0,spot,sector_name=Land | modality=rent,0.007689815391642152,True,0.9796954314720813,luminaires=1.1 MAD; amenities_count=0.7 MAD; parking_spaces=0.7 MAD
1149,189,Land,Single,Yucatán,Mérida,Centro,paseo-montejo,sureste,20.985797,-89.615302,Single de 42080 m² en paseo-montejo,Seguridad 24/7 y control de acceso. Zona de alta plusvalía y demanda comercial. Cuenta con todos los servicios y estacionamiento.,42080.3,17.34,,729672.4,,78452.46,rent,79,4,109,True,2026-06-04,False,0,5.0,basic,0,86,0.0,0,fair,ceramic,4.0,spot,sector_name=Land | modality=rent,0.007643012163677354,True,0.9746192893401016,parking_spaces=1.8 MAD; price_sqm_mxn_rent=1.7 MAD; elevators=1.7 MAD
1873,159,Retail,Single,Estado de México,Toluca,Metepec,metepec-toluca,centro,19.258366,-99.601905,"Retail Single - metepec-toluca, Toluca",Cuenta con todos los servicios y estacionamiento. Recién remodelado con acabados modernos. Amplio espacio con buena iluminación natural.,20.0,,127753.88,,2555077.6,,sale,22,2,22,True,2024-08-18,False,1,,cctv,6,3,,5,good,ceramic,4.0,spot,sector_name=Retail | modality=sale,0.006900732810403598,True,0.9886363636363636,price_sqm_mxn_sale=2.3 MAD; area_sqm=1.2 MAD; floor_level=1.2 MAD
1406,93,Retail,Single,Chihuahua,Chihuahua,Centro,centro-chihuahua,norte,28.654342,-106.101021,Single de 20 m² en centro-chihuahua,Fácil acceso a transporte público y avenidas principales. Espacio versátil adaptable a diferentes giros.,20.0,,23231.41,,464628.2,,sale,226,11,151,True,2025-06-20,False,3,,basic,1,0,,5,good,concrete,3.0,spot,sector_name=Retail | modality=sale,0.006283701963207378,True,0.9829545454545454,price_sqm_mxn_sale=1.9 MAD; elevators=1.8 MAD; area_sqm=1.2 MAD
1183,104,Office,Single,Jalisco,Guadalajara,Colonia Americana,americana-chapultepec,occidente,20.677117,-103.374721,"Office Single - americana-chapultepec, Guadalajara",Excelente ubicación con acceso a vías principales. Espacio listo para ocupar con acabados de primera.,3829.2,410.27,,1571005.88,,196034.58,rent,86,8,176,True,2025-05-22,True,1,,none,0,9,2.5,192,good,concrete,2.0,spot,sector_name=Office | modality=rent,0.005723784079244121,True,0.9750692520775623,parking_spaces=2.7 MAD; maintenance_cost_mxn=2.6 MAD; area_sqm=2.4 MAD
1205,269,Retail,Single,Jalisco,Zapopan,Puerta de Hierro,andares-puerta-hierro,occidente,20.711514,-103.43129,Single de 843 m² en andares-puerta-hierro,Fácil acceso a transporte público y avenidas principales. Ideal para oficinas corporativas o centro de distribución.,843.5,479.67,,404601.65,,30806.45,rent,14,3,35,True,2025-06-03,True,4,,basic,9,4,3.4,33,new,concrete,1.0,spot,sector_name=Retail | modality=rent,0.00570003891623494,True,0.9774436090225563,parking_spaces=2.9 MAD; maintenance_cost_mxn=1.9 MAD; area_sqm=1.7 MAD
544,70,Office,Subspace,CDMX,Miguel Hidalgo,Polanco,polanco,centro,19.441624,-99.176739,"Office compartido en polanco, Miguel Hidalgo",Espacio listo para ocupar con acabados de primera. Seguridad 24/7 y control de acceso. Fácil acceso a transporte público y avenidas principales.,30.0,255.85,,7675.5,,946.2,rent,5,1,12,True,2024-02-23,True,12,,none,0,2,1.2,4,fair,polished_concrete,4.0,spot,sector_name=Office | modality=rent,0.0056246323306244905,True,0.9722991689750693,vertical_height_m=5.6 MAD; area_sqm=1.5 MAD; maintenance_cost_mxn=1.5 MAD
834,34,Retail,Single,Querétaro,Querétaro,Juriquilla,juriquilla-juncos,bajío,20.710347,-100.455277,"Single Retail en juriquilla-juncos, Querétaro",Ubicación estratégica cerca de centros comerciales.,125.7,,131244.48,,16497431.14,,sale,10,2,43,True,2026-03-16,False,1,0.0,cctv,21,9,,6,fair,,4.0,spot,sector_name=Retail | modality=sale,0.00503263524965214,True,0.9772727272727273,price_sqm_mxn_sale=2.4 MAD; floor_level=2.3 MAD; elevators=2.0 MAD
2244,72,Industrial,Single,Puebla,Puebla,Angelópolis,angelopolis-lomas,centro-oriente,19.031147,-98.251559,"Industrial Single - angelopolis-lomas, Puebla",Amplio espacio con buena iluminación natural.,19149.6,,19871.37,,380528786.95,,sale,28,1,28,False,2025-10-05,True,33,0.0,none,0,40,,384,good,carpet,3.0,spot,sector_name=Industrial | modality=sale,0.0050067885534930134,True,0.9829059829059829,parking_spaces=2.1 MAD; elevators=2.0 MAD; area_sqm=1.9 MAD
1743,273,Office,Single,Jalisco,Zapopan,Puerta de Hierro,andares-puerta-hierro,occidente,20.701645,-103.388956,Single de 3066 m² en andares-puerta-hierro,Perfecto para negocio en crecimiento. Cuenta con todos los servicios y estacionamiento.,3066.1,182.87,38967.26,560697.71,119477515.89,37078.43,both,114,8,197,True,2025-07-15,True,5,,cctv,1,8,3.7,154,good,carpet,3.0,spot,sector_name=Office | modality=both,0.003784676707957235,True,0.976027397260274,parking_spaces=2.5 MAD; price_sqm_mxn_rent=2.1 MAD; area_sqm=2.1 MAD
1554,86,Land,Subspace,Estado de México,Toluca,Metepec,metepec-toluca,centro,19.268578,-99.602564,"Subspace 15107 m², metepec-toluca",Espacio versátil adaptable a diferentes giros. Ideal para oficinas corporativas o centro de distribución. Perfecto para negocio en crecimiento.,15107.2,,10411.15,,157283325.28,,sale,148,6,164,True,2024-02-03,True,30,17.0,none,0,32,0.0,0,needs_renovation,polished_concrete,4.0,spot,sector_name=Land | modality=sale,0.0037618895720546996,True,0.9841269841269841,luminaires=2.7 MAD; parking_spaces=1.8 MAD; area_sqm=1.2 MAD
2195,105,Industrial,Single,Jalisco,Zapopan,Puerta de Hierro,andares-puerta-hierro,occidente,20.722298,-103.393445,"Single Industrial en andares-puerta-hierro, Zapopan",Fácil acceso a transporte público y avenidas principales.,236.3,,64586.51,,15261792.31,,sale,223,11,153,True,2026-04-27,True,4,0.0,cctv,1,0,8.0,4,needs_renovation,concrete,3.0,spot,sector_name=Industrial | modality=sale,0.003646157450787002,True,0.9786324786324786,price_sqm_mxn_sale=2.6 MAD; elevators=2.5 MAD; parking_spaces=2.3 MAD
2662,86,Industrial,Single,Estado de México,Naucalpan de Juárez,Lomas Verdes,lomas-verdes-satelite,centro,19.493909,-99.27354,"Industrial Single - lomas-verdes-satelite, Naucalpan de Juárez",Excelente ubicación con acceso a vías principales.,10247.8,,55314.43,,566851215.75,,sale,305,12,175,True,2025-12-06,True,0,,full,0,23,,206,good,concrete,0.0,spot,sector_name=Industrial | modality=sale,0.0032619052098995516,True,0.9743589743589743,price_sqm_mxn_sale=2.2 MAD; parking_spaces=1.4 MAD; elevators=1.3 MAD
1082,123,Office,Single,Estado de México,Toluca,Metepec,metepec-toluca,centro,19.253714,-99.619503,Single de 4606 m² en metepec-toluca,Ubicación estratégica cerca de centros comerciales. Recién remodelado con acabados modernos. Perfecto para negocio en crecimiento.,4606.3,368.74,54651.62,1698527.06,251741757.21,89045.42,both,12,6,67,False,2025-02-02,True,5,0.0,none,2,11,,230,new,,4.0,spot,sector_name=Office | modality=both,0.002983321430757191,True,0.9726027397260274,parking_spaces=2.9 MAD; area_sqm=2.4 MAD; elevators=2.3 MAD
63,295,Industrial,Subspace,Estado de México,Naucalpan de Juárez,Lomas Verdes,lomas-verdes-satelite,centro,19.502196,-99.277544,"Subspace en Industrial - lomas-verdes-satelite, Naucalpan de Juárez",Ubicación estratégica cerca de centros comerciales. Amplio espacio con buena iluminación natural. Zona de alta plusvalía y demanda comercial.,6381.9,200.74,,1281102.61,,127431.18,rent,222,16,299,False,2025-07-09,True,0,,basic,27,24,,128,new,ceramic,0.0,spot,sector_name=Industrial | modality=rent,0.0026475443783787744,True,0.9728260869565217,elevators=1.2 MAD; maintenance_cost_mxn=0.9 MAD; price_sqm_mxn_rent=0.9 MAD
829,133,Office,Single,Yucatán,Mérida,Centro,paseo-montejo,sureste,20.973746,-89.606103,"Office Single - paseo-montejo, Mérida",Ubicación estratégica cerca de centros comerciales.,30.0,,72390.26,,2171707.8,,sale,91,7,112,True,2025-06-04,True,13,3.0,basic,29,13,2.6,1,new,ceramic,0.0,spot,sector_name=Office | modality=sale,0.002633765631860685,True,0.9822222222222222,floor_level=2.6 MAD; elevators=2.6 MAD; parking_spaces=1.6 MAD
2306,140,Retail,Subspace,CDMX,Cuauhtémoc,Roma Norte,roma-condesa,centro,19.398844,-99.156941,"Retail compartido en roma-condesa, Cuauhtémoc",Zona de alta plusvalía y demanda comercial.,112.3,686.48,100857.16,77091.7,11326259.07,8199.81,both,48,5,125,True,2024-08-17,True,0,14.0,basic,4,2,,3,good,concrete,0.0,spot,sector_name=Retail | modality=both,0.0022365827385936177,True,0.973421926910299,price_sqm_mxn_rent=2.6 MAD; price_sqm_mxn_sale=1.9 MAD; floor_level=0.9 MAD
905,67,Retail,Single,Chihuahua,Chihuahua,Centro,centro-chihuahua,norte,28.613894,-106.082372,Single de 167 m² en centro-chihuahua,Cuenta con todos los servicios y estacionamiento. Ubicación estratégica cerca de centros comerciales. Seguridad 24/7 y control de acceso.,167.6,487.13,,81642.99,,9165.16,rent,7,3,69,False,2024-11-07,True,5,,basic,30,10,2.5,6,good,polished_concrete,2.0,spot,sector_name=Retail | modality=rent,0.0019560678943827403,True,0.9736842105263158,vertical_height_m=3.1 MAD; floor_level=2.7 MAD; elevators=2.2 MAD
1242,230,Office,Single,Chihuahua,Chihuahua,Centro,centro-chihuahua,norte,28.624487,-106.103974,"Office Single - centro-chihuahua, Chihuahua",Ubicación estratégica cerca de centros comerciales. Recién remodelado con acabados modernos.,3779.2,,74165.55,,280286446.56,,sale,42,6,175,True,2026-05-20,True,12,0.0,none,6,9,,188,needs_renovation,ceramic,2.0,spot,sector_name=Office | modality=sale,0.0016953763158569224,True,0.9777777777777777,parking_spaces=2.4 MAD; area_sqm=2.0 MAD; elevators=2.0 MAD
343,278,Industrial,Subspace,Nuevo León,San Pedro Garza García,Del Valle,vasconcelos-calzada,noreste,25.670192,-100.376246,"Subspace 2101 m², vasconcelos-calzada",Espacio versátil adaptable a diferentes giros. Recién remodelado con acabados modernos.,2101.5,282.29,42092.34,593232.44,88457052.51,41359.67,both,271,14,416,True,2024-05-24,False,14,19.0,basic,1,4,,43,good,ceramic,3.0,spot,sector_name=Industrial | modality=both,0.0015041909797851583,True,0.9714285714285714,price_sqm_mxn_rent=1.7 MAD; price_sqm_mxn_sale=1.3 MAD; luminaires=0.8 MAD
2715,185,Retail,Single,CDMX,Cuauhtémoc,Roma Norte,roma-condesa,centro,19.417447,-99.171687,"Single Retail en roma-condesa, Cuauhtémoc",Recién remodelado con acabados modernos. Ideal para oficinas corporativas o centro de distribución.,1641.7,,27486.56,,45124685.55,,sale,10,1,24,True,2025-12-13,True,11,3.0,basic,0,6,4.2,56,fair,ceramic,4.0,spot,sector_name=Retail | modality=sale,0.0014834822930754887,True,0.9715909090909091,parking_spaces=3.7 MAD; area_sqm=2.2 MAD; price_sqm_mxn_sale=1.5 MAD
1250,184,Land,Single,CDMX,Benito Juárez,Del Valle,del-valle-narvarte,centro,19.38813,-99.159936,"Single Land en del-valle-narvarte, Benito Juárez",Seguridad 24/7 y control de acceso.,915.8,35.42,6254.84,32437.64,5728182.47,1970.47,both,460,12,246,True,2025-02-04,True,2,20.0,none,0,2,,1,new,ceramic,2.0,spot,sector_name=Land | modality=both,0.001405130802708654,True,0.9712643678160919,elevators=1.4 MAD; maintenance_cost_mxn=1.4 MAD; area_sqm=1.2 MAD
2858,254,Land,Subspace,Querétaro,Querétaro,Juriquilla,juriquilla-juncos,bajío,20.713474,-100.453226,"Subspace 9020 m², juriquilla-juncos",Excelente ubicación con acceso a vías principales.,9020.4,,5205.46,,46955331.38,,sale,96,7,90,True,2025-12-18,True,0,5.0,cctv,8,24,,5,fair,ceramic,2.0,spot,sector_name=Land | modality=sale,0.0013778035072514738,True,0.9761904761904762,parking_spaces=1.2 MAD; elevators=0.8 MAD; luminaires=0.7 MAD
2569,27,Office,Subspace,CDMX,Benito Juárez,Del Valle,del-valle-narvarte,centro,19.378656,-99.180992,"Subspace en Office - del-valle-narvarte, Benito Juárez",Perfecto para negocio en crecimiento.,30.0,,81755.82,,2452674.6,,sale,16,4,63,True,2025-04-03,True,3,5.0,none,17,5,4.3,2,good,concrete,0.0,spot,sector_name=Office | modality=sale,0.00030422469342772374,True,0.9733333333333334,vertical_height_m=2.6 MAD; floor_level=2.1 MAD; parking_spaces=1.2 MAD
2145,101,Industrial,Single,Querétaro,Querétaro,Juriquilla,juriquilla-juncos,bajío,20.713288,-100.449954,Single de 570 m² en juriquilla-juncos,Perfecto para negocio en crecimiento. Cuenta con todos los servicios y estacionamiento. Recién remodelado con acabados modernos.,570.0,308.31,,175736.7,,9268.84,rent,264,8,193,True,2024-10-01,True,0,17.0,none,2,3,10.0,14,needs_renovation,ceramic,0.0,spot,sector_name=Industrial | modality=rent,1.7960448440601517e-05,True,0.970108695652174,price_sqm_mxn_rent=1.9 MAD; vertical_height_m=1.7 MAD; area_sqm=1.3 MAD
