spot_id,sector_name,type_name,rule_id,claim_type,evidence_text,structured_field,structured_value,classification,severity,reason
1,Retail,Subspace,R001,natural_light,Amplio espacio con buena iluminación natural.,natural_light,False,candidate_contradiction,high,Listing claims natural light while the structured natural_light field is false.
16,Retail,Single,R004,readiness,Recién remodelado con acabados modernos.,building_status,needs_renovation,candidate_contradiction,medium,Listing claims ready/remodeled/modern condition while building_status is needs_renovation.
18,Retail,Single,R001,natural_light,Amplio espacio con buena iluminación natural.,natural_light,False,candidate_contradiction,high,Listing claims natural light while the structured natural_light field is false.
21,Land,Single,R002,security,Seguridad 24/7 y control de acceso.,security_type,none,candidate_contradiction,high,Listing claims security/access control while security_type is none or missing.
24,Office,Single,R001,natural_light,Amplio espacio con buena iluminación natural.,natural_light,False,candidate_contradiction,high,Listing claims natural light while the structured natural_light field is false.
24,Office,Single,R002,security,Seguridad 24/7 y control de acceso.,security_type,none,candidate_contradiction,high,Listing claims security/access control while security_type is none or missing.
29,Industrial,Single,R004,readiness,Recién remodelado con acabados modernos.,building_status,needs_renovation,candidate_contradiction,medium,Listing claims ready/remodeled/modern condition while building_status is needs_renovation.
53,Office,Single,R004,readiness,Espacio listo para ocupar con acabados de primera.,building_status,needs_renovation,candidate_contradiction,medium,Listing claims ready/remodeled/modern condition while building_status is needs_renovation.
100,Office,Single,R002,security,Seguridad 24/7 y control de acceso.,security_type,none,candidate_contradiction,high,Listing claims security/access control while security_type is none or missing.
104,Office,Single,R004,readiness,Espacio listo para ocupar con acabados de primera.,building_status,needs_renovation,candidate_contradiction,medium,Listing claims ready/remodeled/modern condition while building_status is needs_renovation.
107,Office,Subspace,R001,natural_light,Amplio espacio con buena iluminación natural.,natural_light,False,candidate_contradiction,high,Listing claims natural light while the structured natural_light field is false.
109,Retail,Single,R004,readiness,Recién remodelado con acabados modernos.,building_status,needs_renovation,candidate_contradiction,medium,Listing claims ready/remodeled/modern condition while building_status is needs_renovation.
114,Industrial,Subspace,R002,security,Seguridad 24/7 y control de acceso.,security_type,none,candidate_contradiction,high,Listing claims security/access control while security_type is none or missing.
118,Land,Single,R002,security,Seguridad 24/7 y control de acceso.,security_type,none,candidate_contradiction,high,Listing claims security/access control while security_type is none or missing.
120,Industrial,Single,R002,security,Seguridad 24/7 y control de acceso.,security_type,none,candidate_contradiction,high,Listing claims security/access control while security_type is none or missing.
126,Retail,Single,R002,security,Seguridad 24/7 y control de acceso.,security_type,none,candidate_contradiction,high,Listing claims security/access control while security_type is none or missing.
127,Industrial,Single,R001,natural_light,Amplio espacio con buena iluminación natural.,natural_light,False,candidate_contradiction,high,Listing claims natural light while the structured natural_light field is false.
129,Retail,Subspace,R004,readiness,Espacio listo para ocupar con acabados de primera.,building_status,needs_renovation,candidate_contradiction,medium,Listing claims ready/remodeled/modern condition while building_status is needs_renovation.
141,Retail,Single,R001,natural_light,Amplio espacio con buena iluminación natural.,natural_light,False,candidate_contradiction,high,Listing claims natural light while the structured natural_light field is false.
154,Retail,Single,R004,readiness,Espacio listo para ocupar con acabados de primera.,building_status,needs_renovation,candidate_contradiction,medium,Listing claims ready/remodeled/modern condition while building_status is needs_renovation.
158,Office,Single,R001,natural_light,Amplio espacio con buena iluminación natural.,natural_light,False,candidate_contradiction,high,Listing claims natural light while the structured natural_light field is false.
163,Industrial,Single,R001,natural_light,Amplio espacio con buena iluminación natural.,natural_light,False,candidate_contradiction,high,Listing claims natural light while the structured natural_light field is false.
164,Retail,Single,R001,natural_light,Amplio espacio con buena iluminación natural.,natural_light,False,candidate_contradiction,high,Listing claims natural light while the structured natural_light field is false.
182,Industrial,Single,R001,natural_light,Amplio espacio con buena iluminación natural.,natural_light,False,candidate_contradiction,high,Listing claims natural light while the structured natural_light field is false.
212,Office,Single,R002,security,Seguridad 24/7 y control de acceso.,security_type,none,candidate_contradiction,high,Listing claims security/access control while security_type is none or missing.
218,Office,Single,R004,readiness,Recién remodelado con acabados modernos.,building_status,needs_renovation,candidate_contradiction,medium,Listing claims ready/remodeled/modern condition while building_status is needs_renovation.
229,Office,Subspace,R001,natural_light,Amplio espacio con buena iluminación natural.,natural_light,False,candidate_contradiction,high,Listing claims natural light while the structured natural_light field is false.
232,Land,Single,R004,readiness,Espacio listo para ocupar con acabados de primera.,building_status,needs_renovation,candidate_contradiction,medium,Listing claims ready/remodeled/modern condition while building_status is needs_renovation.
235,Retail,Single,R001,natural_light,Amplio espacio con buena iluminación natural.,natural_light,False,candidate_contradiction,high,Listing claims natural light while the structured natural_light field is false.
253,Office,Single,R001,natural_light,Amplio espacio con buena iluminación natural.,natural_light,False,candidate_contradiction,high,Listing claims natural light while the structured natural_light field is false.
272,Land,Single,R003,parking,Cuenta con todos los servicios y estacionamiento.,parking_spaces,0,candidate_contradiction,medium,Listing explicitly claims parking while parking_spaces is zero/missing and parking is not listed as an amenity.
277,Retail,Subspace,R001,natural_light,Amplio espacio con buena iluminación natural.,natural_light,False,candidate_contradiction,high,Listing claims natural light while the structured natural_light field is false.
284,Office,Subspace,R002,security,Seguridad 24/7 y control de acceso.,security_type,none,candidate_contradiction,high,Listing claims security/access control while security_type is none or missing.
287,Office,Single,R002,security,Seguridad 24/7 y control de acceso.,security_type,none,candidate_contradiction,high,Listing claims security/access control while security_type is none or missing.
288,Land,Single,R001,natural_light,Amplio espacio con buena iluminación natural.,natural_light,False,candidate_contradiction,high,Listing claims natural light while the structured natural_light field is false.
291,Retail,Subspace,R004,readiness,Espacio listo para ocupar con acabados de primera.,building_status,needs_renovation,candidate_contradiction,medium,Listing claims ready/remodeled/modern condition while building_status is needs_renovation.
307,Land,Single,R002,security,Seguridad 24/7 y control de acceso.,security_type,none,candidate_contradiction,high,Listing claims security/access control while security_type is none or missing.
309,Retail,Single,R001,natural_light,Amplio espacio con buena iluminación natural.,natural_light,False,candidate_contradiction,high,Listing claims natural light while the structured natural_light field is false.
314,Industrial,Subspace,R001,natural_light,Amplio espacio con buena iluminación natural.,natural_light,False,candidate_contradiction,high,Listing claims natural light while the structured natural_light field is false.
324,Retail,Single,R001,natural_light,Amplio espacio con buena iluminación natural.,natural_light,False,candidate_contradiction,high,Listing claims natural light while the structured natural_light field is false.
333,Office,Subspace,R004,readiness,Recién remodelado con acabados modernos.,building_status,needs_renovation,candidate_contradiction,medium,Listing claims ready/remodeled/modern condition while building_status is needs_renovation.
336,Land,Single,R001,natural_light,Amplio espacio con buena iluminación natural.,natural_light,False,candidate_contradiction,high,Listing claims natural light while the structured natural_light field is false.
351,Industrial,Single,R001,natural_light,Amplio espacio con buena iluminación natural.,natural_light,False,candidate_contradiction,high,Listing claims natural light while the structured natural_light field is false.
355,Industrial,Single,R001,natural_light,Amplio espacio con buena iluminación natural.,natural_light,False,candidate_contradiction,high,Listing claims natural light while the structured natural_light field is false.
372,Retail,Single,R004,readiness,Espacio listo para ocupar con acabados de primera.,building_status,needs_renovation,candidate_contradiction,medium,Listing claims ready/remodeled/modern condition while building_status is needs_renovation.
373,Office,Single,R002,security,Seguridad 24/7 y control de acceso.,security_type,none,candidate_contradiction,high,Listing claims security/access control while security_type is none or missing.
376,Office,Single,R001,natural_light,Amplio espacio con buena iluminación natural.,natural_light,False,candidate_contradiction,high,Listing claims natural light while the structured natural_light field is false.
397,Industrial,Single,R004,readiness,Espacio listo para ocupar con acabados de primera.,building_status,needs_renovation,candidate_contradiction,medium,Listing claims ready/remodeled/modern condition while building_status is needs_renovation.
408,Land,Single,R001,natural_light,Amplio espacio con buena iluminación natural.,natural_light,False,candidate_contradiction,high,Listing claims natural light while the structured natural_light field is false.
416,Retail,Subspace,R002,security,Seguridad 24/7 y control de acceso.,security_type,none,candidate_contradiction,high,Listing claims security/access control while security_type is none or missing.
418,Retail,Single,R001,natural_light,Amplio espacio con buena iluminación natural.,natural_light,False,candidate_contradiction,high,Listing claims natural light while the structured natural_light field is false.
433,Industrial,Subspace,R001,natural_light,Amplio espacio con buena iluminación natural.,natural_light,False,candidate_contradiction,high,Listing claims natural light while the structured natural_light field is false.
441,Retail,Single,R001,natural_light,Amplio espacio con buena iluminación natural.,natural_light,False,candidate_contradiction,high,Listing claims natural light while the structured natural_light field is false.
460,Office,Single,R001,natural_light,Amplio espacio con buena iluminación natural.,natural_light,False,candidate_contradiction,high,Listing claims natural light while the structured natural_light field is false.
474,Land,Subspace,R001,natural_light,Amplio espacio con buena iluminación natural.,natural_light,False,candidate_contradiction,high,Listing claims natural light while the structured natural_light field is false.
485,Office,Single,R001,natural_light,Amplio espacio con buena iluminación natural.,natural_light,False,candidate_contradiction,high,Listing claims natural light while the structured natural_light field is false.
492,Retail,Subspace,R001,natural_light,Amplio espacio con buena iluminación natural.,natural_light,False,candidate_contradiction,high,Listing claims natural light while the structured natural_light field is false.
494,Land,Single,R002,security,Seguridad 24/7 y control de acceso.,security_type,none,candidate_contradiction,high,Listing claims security/access control while security_type is none or missing.
510,Industrial,Single,R004,readiness,Espacio listo para ocupar con acabados de primera.,building_status,needs_renovation,candidate_contradiction,medium,Listing claims ready/remodeled/modern condition while building_status is needs_renovation.
514,Industrial,Single,R001,natural_light,Amplio espacio con buena iluminación natural.,natural_light,False,candidate_contradiction,high,Listing claims natural light while the structured natural_light field is false.
526,Land,Single,R003,parking,Cuenta con todos los servicios y estacionamiento.,parking_spaces,0,candidate_contradiction,medium,Listing explicitly claims parking while parking_spaces is zero/missing and parking is not listed as an amenity.
531,Office,Subspace,R001,natural_light,Amplio espacio con buena iluminación natural.,natural_light,False,candidate_contradiction,high,Listing claims natural light while the structured natural_light field is false.
544,Office,Subspace,R002,security,Seguridad 24/7 y control de acceso.,security_type,none,candidate_contradiction,high,Listing claims security/access control while security_type is none or missing.
558,Industrial,Single,R001,natural_light,Amplio espacio con buena iluminación natural.,natural_light,False,candidate_contradiction,high,Listing claims natural light while the structured natural_light field is false.
561,Retail,Subspace,R001,natural_light,Amplio espacio con buena iluminación natural.,natural_light,False,candidate_contradiction,high,Listing claims natural light while the structured natural_light field is false.
563,Land,Subspace,R001,natural_light,Amplio espacio con buena iluminación natural.,natural_light,False,candidate_contradiction,high,Listing claims natural light while the structured natural_light field is false.
563,Land,Subspace,R002,security,Seguridad 24/7 y control de acceso.,security_type,none,candidate_contradiction,high,Listing claims security/access control while security_type is none or missing.
594,Industrial,Subspace,R004,readiness,Espacio listo para ocupar con acabados de primera.,building_status,needs_renovation,candidate_contradiction,medium,Listing claims ready/remodeled/modern condition while building_status is needs_renovation.
597,Retail,Subspace,R004,readiness,Espacio listo para ocupar con acabados de primera.,building_status,needs_renovation,candidate_contradiction,medium,Listing claims ready/remodeled/modern condition while building_status is needs_renovation.
601,Retail,Single,R002,security,Seguridad 24/7 y control de acceso.,security_type,none,candidate_contradiction,high,Listing claims security/access control while security_type is none or missing.
604,Office,Subspace,R002,security,Seguridad 24/7 y control de acceso.,security_type,none,candidate_contradiction,high,Listing claims security/access control while security_type is none or missing.
617,Land,Single,R003,parking,Cuenta con todos los servicios y estacionamiento.,parking_spaces,0,candidate_contradiction,medium,Listing explicitly claims parking while parking_spaces is zero/missing and parking is not listed as an amenity.
633,Industrial,Single,R004,readiness,Recién remodelado con acabados modernos.,building_status,needs_renovation,candidate_contradiction,medium,Listing claims ready/remodeled/modern condition while building_status is needs_renovation.
634,Industrial,Single,R004,readiness,Espacio listo para ocupar con acabados de primera.,building_status,needs_renovation,candidate_contradiction,medium,Listing claims ready/remodeled/modern condition while building_status is needs_renovation.
636,Industrial,Single,R001,natural_light,Amplio espacio con buena iluminación natural.,natural_light,False,candidate_contradiction,high,Listing claims natural light while the structured natural_light field is false.
641,Retail,Subspace,R002,security,Seguridad 24/7 y control de acceso.,security_type,none,candidate_contradiction,high,Listing claims security/access control while security_type is none or missing.
650,Retail,Subspace,R003,parking,Cuenta con todos los servicios y estacionamiento.,parking_spaces,0,candidate_contradiction,medium,Listing explicitly claims parking while parking_spaces is zero/missing and parking is not listed as an amenity.
657,Industrial,Subspace,R004,readiness,Recién remodelado con acabados modernos.,building_status,needs_renovation,candidate_contradiction,medium,Listing claims ready/remodeled/modern condition while building_status is needs_renovation.
662,Land,Single,R001,natural_light,Amplio espacio con buena iluminación natural.,natural_light,False,candidate_contradiction,high,Listing claims natural light while the structured natural_light field is false.
681,Retail,Subspace,R001,natural_light,Amplio espacio con buena iluminación natural.,natural_light,False,candidate_contradiction,high,Listing claims natural light while the structured natural_light field is false.
707,Office,Single,R001,natural_light,Amplio espacio con buena iluminación natural.,natural_light,False,candidate_contradiction,high,Listing claims natural light while the structured natural_light field is false.
724,Office,Single,R004,readiness,Espacio listo para ocupar con acabados de primera.,building_status,needs_renovation,candidate_contradiction,medium,Listing claims ready/remodeled/modern condition while building_status is needs_renovation.
751,Retail,Single,R001,natural_light,Amplio espacio con buena iluminación natural.,natural_light,False,candidate_contradiction,high,Listing claims natural light while the structured natural_light field is false.
765,Land,Subspace,R004,readiness,Recién remodelado con acabados modernos.,building_status,needs_renovation,candidate_contradiction,medium,Listing claims ready/remodeled/modern condition while building_status is needs_renovation.
781,Industrial,Single,R001,natural_light,Amplio espacio con buena iluminación natural.,natural_light,False,candidate_contradiction,high,Listing claims natural light while the structured natural_light field is false.
785,Land,Single,R001,natural_light,Amplio espacio con buena iluminación natural.,natural_light,False,candidate_contradiction,high,Listing claims natural light while the structured natural_light field is false.
786,Office,Subspace,R001,natural_light,Amplio espacio con buena iluminación natural.,natural_light,False,candidate_contradiction,high,Listing claims natural light while the structured natural_light field is false.
787,Office,Subspace,R004,readiness,Recién remodelado con acabados modernos.,building_status,needs_renovation,candidate_contradiction,medium,Listing claims ready/remodeled/modern condition while building_status is needs_renovation.
790,Office,Subspace,R001,natural_light,Amplio espacio con buena iluminación natural.,natural_light,False,candidate_contradiction,high,Listing claims natural light while the structured natural_light field is false.
793,Office,Single,R001,natural_light,Amplio espacio con buena iluminación natural.,natural_light,False,candidate_contradiction,high,Listing claims natural light while the structured natural_light field is false.
810,Office,Single,R004,readiness,Espacio listo para ocupar con acabados de primera.,building_status,needs_renovation,candidate_contradiction,medium,Listing claims ready/remodeled/modern condition while building_status is needs_renovation.
812,Industrial,Single,R001,natural_light,Amplio espacio con buena iluminación natural.,natural_light,False,candidate_contradiction,high,Listing claims natural light while the structured natural_light field is false.
817,Retail,Subspace,R001,natural_light,Amplio espacio con buena iluminación natural.,natural_light,False,candidate_contradiction,high,Listing claims natural light while the structured natural_light field is false.
822,Land,Single,R002,security,Seguridad 24/7 y control de acceso.,security_type,none,candidate_contradiction,high,Listing claims security/access control while security_type is none or missing.
835,Land,Single,R003,parking,Cuenta con todos los servicios y estacionamiento.,parking_spaces,0,candidate_contradiction,medium,Listing explicitly claims parking while parking_spaces is zero/missing and parking is not listed as an amenity.
852,Office,Single,R001,natural_light,Amplio espacio con buena iluminación natural.,natural_light,False,candidate_contradiction,high,Listing claims natural light while the structured natural_light field is false.
861,Land,Subspace,R001,natural_light,Amplio espacio con buena iluminación natural.,natural_light,False,candidate_contradiction,high,Listing claims natural light while the structured natural_light field is false.
862,Industrial,Single,R001,natural_light,Amplio espacio con buena iluminación natural.,natural_light,False,candidate_contradiction,high,Listing claims natural light while the structured natural_light field is false.
870,Industrial,Single,R004,readiness,Recién remodelado con acabados modernos.,building_status,needs_renovation,candidate_contradiction,medium,Listing claims ready/remodeled/modern condition while building_status is needs_renovation.
880,Industrial,Subspace,R004,readiness,Recién remodelado con acabados modernos.,building_status,needs_renovation,candidate_contradiction,medium,Listing claims ready/remodeled/modern condition while building_status is needs_renovation.
892,Industrial,Single,R001,natural_light,Amplio espacio con buena iluminación natural.,natural_light,False,candidate_contradiction,high,Listing claims natural light while the structured natural_light field is false.
894,Office,Single,R004,readiness,Espacio listo para ocupar con acabados de primera.,building_status,needs_renovation,candidate_contradiction,medium,Listing claims ready/remodeled/modern condition while building_status is needs_renovation.
899,Industrial,Single,R001,natural_light,Amplio espacio con buena iluminación natural.,natural_light,False,candidate_contradiction,high,Listing claims natural light while the structured natural_light field is false.
914,Industrial,Subspace,R001,natural_light,Amplio espacio con buena iluminación natural.,natural_light,False,candidate_contradiction,high,Listing claims natural light while the structured natural_light field is false.
916,Retail,Single,R004,readiness,Recién remodelado con acabados modernos.,building_status,needs_renovation,candidate_contradiction,medium,Listing claims ready/remodeled/modern condition while building_status is needs_renovation.
918,Land,Single,R001,natural_light,Amplio espacio con buena iluminación natural.,natural_light,False,candidate_contradiction,high,Listing claims natural light while the structured natural_light field is false.
927,Office,Single,R002,security,Seguridad 24/7 y control de acceso.,security_type,none,candidate_contradiction,high,Listing claims security/access control while security_type is none or missing.
936,Industrial,Single,R001,natural_light,Amplio espacio con buena iluminación natural.,natural_light,False,candidate_contradiction,high,Listing claims natural light while the structured natural_light field is false.
942,Industrial,Subspace,R001,natural_light,Amplio espacio con buena iluminación natural.,natural_light,False,candidate_contradiction,high,Listing claims natural light while the structured natural_light field is false.
951,Office,Single,R001,natural_light,Amplio espacio con buena iluminación natural.,natural_light,False,candidate_contradiction,high,Listing claims natural light while the structured natural_light field is false.
955,Office,Single,R001,natural_light,Amplio espacio con buena iluminación natural.,natural_light,False,candidate_contradiction,high,Listing claims natural light while the structured natural_light field is false.
957,Industrial,Single,R004,readiness,Recién remodelado con acabados modernos.,building_status,needs_renovation,candidate_contradiction,medium,Listing claims ready/remodeled/modern condition while building_status is needs_renovation.
978,Industrial,Subspace,R001,natural_light,Amplio espacio con buena iluminación natural.,natural_light,False,candidate_contradiction,high,Listing claims natural light while the structured natural_light field is false.
981,Industrial,Single,R004,readiness,Recién remodelado con acabados modernos.,building_status,needs_renovation,candidate_contradiction,medium,Listing claims ready/remodeled/modern condition while building_status is needs_renovation.
984,Retail,Single,R003,parking,Cuenta con todos los servicios y estacionamiento.,parking_spaces,0,candidate_contradiction,medium,Listing explicitly claims parking while parking_spaces is zero/missing and parking is not listed as an amenity.
990,Industrial,Single,R001,natural_light,Amplio espacio con buena iluminación natural.,natural_light,False,candidate_contradiction,high,Listing claims natural light while the structured natural_light field is false.
993,Industrial,Single,R001,natural_light,Amplio espacio con buena iluminación natural.,natural_light,False,candidate_contradiction,high,Listing claims natural light while the structured natural_light field is false.
1000,Land,Subspace,R001,natural_light,Amplio espacio con buena iluminación natural.,natural_light,False,candidate_contradiction,high,Listing claims natural light while the structured natural_light field is false.
1004,Industrial,Single,R001,natural_light,Amplio espacio con buena iluminación natural.,natural_light,False,candidate_contradiction,high,Listing claims natural light while the structured natural_light field is false.
1007,Land,Subspace,R001,natural_light,Amplio espacio con buena iluminación natural.,natural_light,False,candidate_contradiction,high,Listing claims natural light while the structured natural_light field is false.
1015,Retail,Single,R001,natural_light,Amplio espacio con buena iluminación natural.,natural_light,False,candidate_contradiction,high,Listing claims natural light while the structured natural_light field is false.
1038,Industrial,Subspace,R002,security,Seguridad 24/7 y control de acceso.,security_type,none,candidate_contradiction,high,Listing claims security/access control while security_type is none or missing.
1041,Industrial,Subspace,R004,readiness,Recién remodelado con acabados modernos.,building_status,needs_renovation,candidate_contradiction,medium,Listing claims ready/remodeled/modern condition while building_status is needs_renovation.
1042,Industrial,Single,R004,readiness,Recién remodelado con acabados modernos.,building_status,needs_renovation,candidate_contradiction,medium,Listing claims ready/remodeled/modern condition while building_status is needs_renovation.
1050,Retail,Subspace,R002,security,Seguridad 24/7 y control de acceso.,security_type,none,candidate_contradiction,high,Listing claims security/access control while security_type is none or missing.
1057,Industrial,Single,R004,readiness,Espacio listo para ocupar con acabados de primera.,building_status,needs_renovation,candidate_contradiction,medium,Listing claims ready/remodeled/modern condition while building_status is needs_renovation.
1083,Industrial,Single,R004,readiness,Espacio listo para ocupar con acabados de primera.,building_status,needs_renovation,candidate_contradiction,medium,Listing claims ready/remodeled/modern condition while building_status is needs_renovation.
1096,Office,Single,R001,natural_light,Amplio espacio con buena iluminación natural.,natural_light,False,candidate_contradiction,high,Listing claims natural light while the structured natural_light field is false.
1103,Office,Single,R004,readiness,Espacio listo para ocupar con acabados de primera.,building_status,needs_renovation,candidate_contradiction,medium,Listing claims ready/remodeled/modern condition while building_status is needs_renovation.
1107,Industrial,Single,R004,readiness,Recién remodelado con acabados modernos.,building_status,needs_renovation,candidate_contradiction,medium,Listing claims ready/remodeled/modern condition while building_status is needs_renovation.
1121,Industrial,Subspace,R002,security,Seguridad 24/7 y control de acceso.,security_type,none,candidate_contradiction,high,Listing claims security/access control while security_type is none or missing.
1123,Retail,Single,R001,natural_light,Amplio espacio con buena iluminación natural.,natural_light,False,candidate_contradiction,high,Listing claims natural light while the structured natural_light field is false.
1129,Industrial,Subspace,R001,natural_light,Amplio espacio con buena iluminación natural.,natural_light,False,candidate_contradiction,high,Listing claims natural light while the structured natural_light field is false.
1149,Land,Single,R003,parking,Cuenta con todos los servicios y estacionamiento.,parking_spaces,0,candidate_contradiction,medium,Listing explicitly claims parking while parking_spaces is zero/missing and parking is not listed as an amenity.
1159,Office,Subspace,R004,readiness,Recién remodelado con acabados modernos.,building_status,needs_renovation,candidate_contradiction,medium,Listing claims ready/remodeled/modern condition while building_status is needs_renovation.
1160,Office,Subspace,R001,natural_light,Amplio espacio con buena iluminación natural.,natural_light,False,candidate_contradiction,high,Listing claims natural light while the structured natural_light field is false.
1170,Industrial,Subspace,R002,security,Seguridad 24/7 y control de acceso.,security_type,none,candidate_contradiction,high,Listing claims security/access control while security_type is none or missing.
1180,Office,Subspace,R001,natural_light,Amplio espacio con buena iluminación natural.,natural_light,False,candidate_contradiction,high,Listing claims natural light while the structured natural_light field is false.
1187,Industrial,Single,R002,security,Seguridad 24/7 y control de acceso.,security_type,none,candidate_contradiction,high,Listing claims security/access control while security_type is none or missing.
1199,Land,Single,R004,readiness,Espacio listo para ocupar con acabados de primera.,building_status,needs_renovation,candidate_contradiction,medium,Listing claims ready/remodeled/modern condition while building_status is needs_renovation.
1218,Industrial,Single,R001,natural_light,Amplio espacio con buena iluminación natural.,natural_light,False,candidate_contradiction,high,Listing claims natural light while the structured natural_light field is false.
1231,Retail,Single,R004,readiness,Espacio listo para ocupar con acabados de primera.,building_status,needs_renovation,candidate_contradiction,medium,Listing claims ready/remodeled/modern condition while building_status is needs_renovation.
1242,Office,Single,R004,readiness,Recién remodelado con acabados modernos.,building_status,needs_renovation,candidate_contradiction,medium,Listing claims ready/remodeled/modern condition while building_status is needs_renovation.
1247,Industrial,Single,R004,readiness,Recién remodelado con acabados modernos.,building_status,needs_renovation,candidate_contradiction,medium,Listing claims ready/remodeled/modern condition while building_status is needs_renovation.
1250,Land,Single,R002,security,Seguridad 24/7 y control de acceso.,security_type,none,candidate_contradiction,high,Listing claims security/access control while security_type is none or missing.
1257,Office,Single,R001,natural_light,Amplio espacio con buena iluminación natural.,natural_light,False,candidate_contradiction,high,Listing claims natural light while the structured natural_light field is false.
1267,Retail,Subspace,R001,natural_light,Amplio espacio con buena iluminación natural.,natural_light,False,candidate_contradiction,high,Listing claims natural light while the structured natural_light field is false.
1277,Industrial,Single,R001,natural_light,Amplio espacio con buena iluminación natural.,natural_light,False,candidate_contradiction,high,Listing claims natural light while the structured natural_light field is false.
1287,Office,Subspace,R001,natural_light,Amplio espacio con buena iluminación natural.,natural_light,False,candidate_contradiction,high,Listing claims natural light while the structured natural_light field is false.
1289,Office,Single,R001,natural_light,Amplio espacio con buena iluminación natural.,natural_light,False,candidate_contradiction,high,Listing claims natural light while the structured natural_light field is false.
1296,Office,Single,R001,natural_light,Amplio espacio con buena iluminación natural.,natural_light,False,candidate_contradiction,high,Listing claims natural light while the structured natural_light field is false.
1316,Industrial,Single,R001,natural_light,Amplio espacio con buena iluminación natural.,natural_light,False,candidate_contradiction,high,Listing claims natural light while the structured natural_light field is false.
1333,Industrial,Single,R002,security,Seguridad 24/7 y control de acceso.,security_type,none,candidate_contradiction,high,Listing claims security/access control while security_type is none or missing.
1339,Retail,Subspace,R004,readiness,Espacio listo para ocupar con acabados de primera.,building_status,needs_renovation,candidate_contradiction,medium,Listing claims ready/remodeled/modern condition while building_status is needs_renovation.
1344,Retail,Single,R001,natural_light,Amplio espacio con buena iluminación natural.,natural_light,False,candidate_contradiction,high,Listing claims natural light while the structured natural_light field is false.
1347,Industrial,Single,R001,natural_light,Amplio espacio con buena iluminación natural.,natural_light,False,candidate_contradiction,high,Listing claims natural light while the structured natural_light field is false.
1353,Industrial,Single,R001,natural_light,Amplio espacio con buena iluminación natural.,natural_light,False,candidate_contradiction,high,Listing claims natural light while the structured natural_light field is false.
1363,Industrial,Subspace,R004,readiness,Recién remodelado con acabados modernos.,building_status,needs_renovation,candidate_contradiction,medium,Listing claims ready/remodeled/modern condition while building_status is needs_renovation.
1381,Retail,Subspace,R002,security,Seguridad 24/7 y control de acceso.,security_type,none,candidate_contradiction,high,Listing claims security/access control while security_type is none or missing.
1388,Industrial,Single,R001,natural_light,Amplio espacio con buena iluminación natural.,natural_light,False,candidate_contradiction,high,Listing claims natural light while the structured natural_light field is false.
1396,Office,Single,R004,readiness,Espacio listo para ocupar con acabados de primera.,building_status,needs_renovation,candidate_contradiction,medium,Listing claims ready/remodeled/modern condition while building_status is needs_renovation.
1413,Industrial,Single,R001,natural_light,Amplio espacio con buena iluminación natural.,natural_light,False,candidate_contradiction,high,Listing claims natural light while the structured natural_light field is false.
1427,Land,Subspace,R003,parking,Cuenta con todos los servicios y estacionamiento.,parking_spaces,0,candidate_contradiction,medium,Listing explicitly claims parking while parking_spaces is zero/missing and parking is not listed as an amenity.
1433,Office,Single,R002,security,Seguridad 24/7 y control de acceso.,security_type,none,candidate_contradiction,high,Listing claims security/access control while security_type is none or missing.
1436,Land,Single,R001,natural_light,Amplio espacio con buena iluminación natural.,natural_light,False,candidate_contradiction,high,Listing claims natural light while the structured natural_light field is false.
1473,Industrial,Subspace,R001,natural_light,Amplio espacio con buena iluminación natural.,natural_light,False,candidate_contradiction,high,Listing claims natural light while the structured natural_light field is false.
1475,Land,Subspace,R001,natural_light,Amplio espacio con buena iluminación natural.,natural_light,False,candidate_contradiction,high,Listing claims natural light while the structured natural_light field is false.
1479,Retail,Single,R004,readiness,Espacio listo para ocupar con acabados de primera.,building_status,needs_renovation,candidate_contradiction,medium,Listing claims ready/remodeled/modern condition while building_status is needs_renovation.
1483,Office,Single,R002,security,Seguridad 24/7 y control de acceso.,security_type,none,candidate_contradiction,high,Listing claims security/access control while security_type is none or missing.
1483,Office,Single,R004,readiness,Recién remodelado con acabados modernos.,building_status,needs_renovation,candidate_contradiction,medium,Listing claims ready/remodeled/modern condition while building_status is needs_renovation.
1492,Retail,Single,R001,natural_light,Amplio espacio con buena iluminación natural.,natural_light,False,candidate_contradiction,high,Listing claims natural light while the structured natural_light field is false.
1497,Industrial,Single,R004,readiness,Espacio listo para ocupar con acabados de primera.,building_status,needs_renovation,candidate_contradiction,medium,Listing claims ready/remodeled/modern condition while building_status is needs_renovation.
1501,Office,Single,R001,natural_light,Amplio espacio con buena iluminación natural.,natural_light,False,candidate_contradiction,high,Listing claims natural light while the structured natural_light field is false.
1518,Retail,Subspace,R004,readiness,Espacio listo para ocupar con acabados de primera.,building_status,needs_renovation,candidate_contradiction,medium,Listing claims ready/remodeled/modern condition while building_status is needs_renovation.
1571,Retail,Single,R002,security,Seguridad 24/7 y control de acceso.,security_type,none,candidate_contradiction,high,Listing claims security/access control while security_type is none or missing.
1587,Office,Subspace,R001,natural_light,Amplio espacio con buena iluminación natural.,natural_light,False,candidate_contradiction,high,Listing claims natural light while the structured natural_light field is false.
1603,Office,Single,R001,natural_light,Amplio espacio con buena iluminación natural.,natural_light,False,candidate_contradiction,high,Listing claims natural light while the structured natural_light field is false.
1603,Office,Single,R002,security,Seguridad 24/7 y control de acceso.,security_type,none,candidate_contradiction,high,Listing claims security/access control while security_type is none or missing.
1628,Land,Single,R002,security,Seguridad 24/7 y control de acceso.,security_type,none,candidate_contradiction,high,Listing claims security/access control while security_type is none or missing.
1628,Land,Single,R004,readiness,Recién remodelado con acabados modernos.,building_status,needs_renovation,candidate_contradiction,medium,Listing claims ready/remodeled/modern condition while building_status is needs_renovation.
1671,Office,Subspace,R004,readiness,Recién remodelado con acabados modernos.,building_status,needs_renovation,candidate_contradiction,medium,Listing claims ready/remodeled/modern condition while building_status is needs_renovation.
1683,Land,Single,R003,parking,Cuenta con todos los servicios y estacionamiento.,parking_spaces,0,candidate_contradiction,medium,Listing explicitly claims parking while parking_spaces is zero/missing and parking is not listed as an amenity.
1693,Land,Subspace,R003,parking,Cuenta con todos los servicios y estacionamiento.,parking_spaces,0,candidate_contradiction,medium,Listing explicitly claims parking while parking_spaces is zero/missing and parking is not listed as an amenity.
1694,Industrial,Single,R001,natural_light,Amplio espacio con buena iluminación natural.,natural_light,False,candidate_contradiction,high,Listing claims natural light while the structured natural_light field is false.
1695,Industrial,Subspace,R001,natural_light,Amplio espacio con buena iluminación natural.,natural_light,False,candidate_contradiction,high,Listing claims natural light while the structured natural_light field is false.
1696,Industrial,Single,R004,readiness,Espacio listo para ocupar con acabados de primera.,building_status,needs_renovation,candidate_contradiction,medium,Listing claims ready/remodeled/modern condition while building_status is needs_renovation.
1697,Land,Single,R003,parking,Cuenta con todos los servicios y estacionamiento.,parking_spaces,0,candidate_contradiction,medium,Listing explicitly claims parking while parking_spaces is zero/missing and parking is not listed as an amenity.
1714,Office,Subspace,R001,natural_light,Amplio espacio con buena iluminación natural.,natural_light,False,candidate_contradiction,high,Listing claims natural light while the structured natural_light field is false.
1714,Office,Subspace,R002,security,Seguridad 24/7 y control de acceso.,security_type,none,candidate_contradiction,high,Listing claims security/access control while security_type is none or missing.
1733,Industrial,Single,R001,natural_light,Amplio espacio con buena iluminación natural.,natural_light,False,candidate_contradiction,high,Listing claims natural light while the structured natural_light field is false.
1755,Office,Single,R004,readiness,Recién remodelado con acabados modernos.,building_status,needs_renovation,candidate_contradiction,medium,Listing claims ready/remodeled/modern condition while building_status is needs_renovation.
1756,Retail,Single,R001,natural_light,Amplio espacio con buena iluminación natural.,natural_light,False,candidate_contradiction,high,Listing claims natural light while the structured natural_light field is false.
1768,Industrial,Single,R001,natural_light,Amplio espacio con buena iluminación natural.,natural_light,False,candidate_contradiction,high,Listing claims natural light while the structured natural_light field is false.
1805,Industrial,Single,R004,readiness,Espacio listo para ocupar con acabados de primera.,building_status,needs_renovation,candidate_contradiction,medium,Listing claims ready/remodeled/modern condition while building_status is needs_renovation.
1808,Industrial,Subspace,R001,natural_light,Amplio espacio con buena iluminación natural.,natural_light,False,candidate_contradiction,high,Listing claims natural light while the structured natural_light field is false.
1816,Industrial,Single,R002,security,Seguridad 24/7 y control de acceso.,security_type,none,candidate_contradiction,high,Listing claims security/access control while security_type is none or missing.
1820,Office,Subspace,R001,natural_light,Amplio espacio con buena iluminación natural.,natural_light,False,candidate_contradiction,high,Listing claims natural light while the structured natural_light field is false.
1829,Retail,Subspace,R004,readiness,Recién remodelado con acabados modernos.,building_status,needs_renovation,candidate_contradiction,medium,Listing claims ready/remodeled/modern condition while building_status is needs_renovation.
1838,Office,Single,R004,readiness,Espacio listo para ocupar con acabados de primera.,building_status,needs_renovation,candidate_contradiction,medium,Listing claims ready/remodeled/modern condition while building_status is needs_renovation.
1846,Industrial,Single,R004,readiness,Recién remodelado con acabados modernos.,building_status,needs_renovation,candidate_contradiction,medium,Listing claims ready/remodeled/modern condition while building_status is needs_renovation.
1852,Industrial,Single,R001,natural_light,Amplio espacio con buena iluminación natural.,natural_light,False,candidate_contradiction,high,Listing claims natural light while the structured natural_light field is false.
1873,Retail,Single,R001,natural_light,Amplio espacio con buena iluminación natural.,natural_light,False,candidate_contradiction,high,Listing claims natural light while the structured natural_light field is false.
1879,Land,Subspace,R001,natural_light,Amplio espacio con buena iluminación natural.,natural_light,False,candidate_contradiction,high,Listing claims natural light while the structured natural_light field is false.
1880,Land,Single,R004,readiness,Recién remodelado con acabados modernos.,building_status,needs_renovation,candidate_contradiction,medium,Listing claims ready/remodeled/modern condition while building_status is needs_renovation.
1904,Industrial,Single,R001,natural_light,Amplio espacio con buena iluminación natural.,natural_light,False,candidate_contradiction,high,Listing claims natural light while the structured natural_light field is false.
1913,Land,Subspace,R003,parking,Cuenta con todos los servicios y estacionamiento.,parking_spaces,0,candidate_contradiction,medium,Listing explicitly claims parking while parking_spaces is zero/missing and parking is not listed as an amenity.
1915,Retail,Single,R002,security,Seguridad 24/7 y control de acceso.,security_type,none,candidate_contradiction,high,Listing claims security/access control while security_type is none or missing.
1957,Industrial,Subspace,R001,natural_light,Amplio espacio con buena iluminación natural.,natural_light,False,candidate_contradiction,high,Listing claims natural light while the structured natural_light field is false.
1976,Office,Single,R001,natural_light,Amplio espacio con buena iluminación natural.,natural_light,False,candidate_contradiction,high,Listing claims natural light while the structured natural_light field is false.
1977,Office,Single,R002,security,Seguridad 24/7 y control de acceso.,security_type,none,candidate_contradiction,high,Listing claims security/access control while security_type is none or missing.
1989,Industrial,Single,R004,readiness,Espacio listo para ocupar con acabados de primera.,building_status,needs_renovation,candidate_contradiction,medium,Listing claims ready/remodeled/modern condition while building_status is needs_renovation.
1990,Office,Subspace,R002,security,Seguridad 24/7 y control de acceso.,security_type,none,candidate_contradiction,high,Listing claims security/access control while security_type is none or missing.
1995,Industrial,Single,R001,natural_light,Amplio espacio con buena iluminación natural.,natural_light,False,candidate_contradiction,high,Listing claims natural light while the structured natural_light field is false.
2002,Retail,Single,R001,natural_light,Amplio espacio con buena iluminación natural.,natural_light,False,candidate_contradiction,high,Listing claims natural light while the structured natural_light field is false.
2003,Industrial,Single,R001,natural_light,Amplio espacio con buena iluminación natural.,natural_light,False,candidate_contradiction,high,Listing claims natural light while the structured natural_light field is false.
2010,Retail,Subspace,R004,readiness,Espacio listo para ocupar con acabados de primera.,building_status,needs_renovation,candidate_contradiction,medium,Listing claims ready/remodeled/modern condition while building_status is needs_renovation.
2011,Office,Single,R001,natural_light,Amplio espacio con buena iluminación natural.,natural_light,False,candidate_contradiction,high,Listing claims natural light while the structured natural_light field is false.
2016,Office,Single,R001,natural_light,Amplio espacio con buena iluminación natural.,natural_light,False,candidate_contradiction,high,Listing claims natural light while the structured natural_light field is false.
2027,Industrial,Subspace,R001,natural_light,Amplio espacio con buena iluminación natural.,natural_light,False,candidate_contradiction,high,Listing claims natural light while the structured natural_light field is false.
2028,Industrial,Single,R001,natural_light,Amplio espacio con buena iluminación natural.,natural_light,False,candidate_contradiction,high,Listing claims natural light while the structured natural_light field is false.
2034,Land,Single,R004,readiness,Recién remodelado con acabados modernos.,building_status,needs_renovation,candidate_contradiction,medium,Listing claims ready/remodeled/modern condition while building_status is needs_renovation.
2046,Retail,Single,R004,readiness,Espacio listo para ocupar con acabados de primera.,building_status,needs_renovation,candidate_contradiction,medium,Listing claims ready/remodeled/modern condition while building_status is needs_renovation.
2048,Office,Subspace,R002,security,Seguridad 24/7 y control de acceso.,security_type,none,candidate_contradiction,high,Listing claims security/access control while security_type is none or missing.
2050,Retail,Single,R002,security,Seguridad 24/7 y control de acceso.,security_type,none,candidate_contradiction,high,Listing claims security/access control while security_type is none or missing.
2051,Land,Single,R004,readiness,Espacio listo para ocupar con acabados de primera.,building_status,needs_renovation,candidate_contradiction,medium,Listing claims ready/remodeled/modern condition while building_status is needs_renovation.
2059,Office,Single,R004,readiness,Recién remodelado con acabados modernos.,building_status,needs_renovation,candidate_contradiction,medium,Listing claims ready/remodeled/modern condition while building_status is needs_renovation.
2069,Land,Subspace,R001,natural_light,Amplio espacio con buena iluminación natural.,natural_light,False,candidate_contradiction,high,Listing claims natural light while the structured natural_light field is false.
2079,Office,Single,R002,security,Seguridad 24/7 y control de acceso.,security_type,none,candidate_contradiction,high,Listing claims security/access control while security_type is none or missing.
2084,Industrial,Single,R001,natural_light,Amplio espacio con buena iluminación natural.,natural_light,False,candidate_contradiction,high,Listing claims natural light while the structured natural_light field is false.
2093,Retail,Single,R002,security,Seguridad 24/7 y control de acceso.,security_type,none,candidate_contradiction,high,Listing claims security/access control while security_type is none or missing.
2108,Land,Subspace,R003,parking,Cuenta con todos los servicios y estacionamiento.,parking_spaces,0,candidate_contradiction,medium,Listing explicitly claims parking while parking_spaces is zero/missing and parking is not listed as an amenity.
2122,Office,Subspace,R001,natural_light,Amplio espacio con buena iluminación natural.,natural_light,False,candidate_contradiction,high,Listing claims natural light while the structured natural_light field is false.
2126,Land,Subspace,R001,natural_light,Amplio espacio con buena iluminación natural.,natural_light,False,candidate_contradiction,high,Listing claims natural light while the structured natural_light field is false.
2130,Office,Single,R004,readiness,Espacio listo para ocupar con acabados de primera.,building_status,needs_renovation,candidate_contradiction,medium,Listing claims ready/remodeled/modern condition while building_status is needs_renovation.
2136,Land,Single,R004,readiness,Recién remodelado con acabados modernos.,building_status,needs_renovation,candidate_contradiction,medium,Listing claims ready/remodeled/modern condition while building_status is needs_renovation.
2145,Industrial,Single,R004,readiness,Recién remodelado con acabados modernos.,building_status,needs_renovation,candidate_contradiction,medium,Listing claims ready/remodeled/modern condition while building_status is needs_renovation.
2146,Land,Single,R004,readiness,Recién remodelado con acabados modernos.,building_status,needs_renovation,candidate_contradiction,medium,Listing claims ready/remodeled/modern condition while building_status is needs_renovation.
2149,Retail,Single,R004,readiness,Recién remodelado con acabados modernos.,building_status,needs_renovation,candidate_contradiction,medium,Listing claims ready/remodeled/modern condition while building_status is needs_renovation.
2177,Land,Subspace,R003,parking,Cuenta con todos los servicios y estacionamiento.,parking_spaces,0,candidate_contradiction,medium,Listing explicitly claims parking while parking_spaces is zero/missing and parking is not listed as an amenity.
2177,Land,Subspace,R004,readiness,Espacio listo para ocupar con acabados de primera.,building_status,needs_renovation,candidate_contradiction,medium,Listing claims ready/remodeled/modern condition while building_status is needs_renovation.
2181,Retail,Subspace,R002,security,Seguridad 24/7 y control de acceso.,security_type,none,candidate_contradiction,high,Listing claims security/access control while security_type is none or missing.
2186,Office,Single,R004,readiness,Recién remodelado con acabados modernos.,building_status,needs_renovation,candidate_contradiction,medium,Listing claims ready/remodeled/modern condition while building_status is needs_renovation.
2191,Retail,Subspace,R004,readiness,Espacio listo para ocupar con acabados de primera.,building_status,needs_renovation,candidate_contradiction,medium,Listing claims ready/remodeled/modern condition while building_status is needs_renovation.
2198,Industrial,Subspace,R004,readiness,Espacio listo para ocupar con acabados de primera.,building_status,needs_renovation,candidate_contradiction,medium,Listing claims ready/remodeled/modern condition while building_status is needs_renovation.
2212,Industrial,Single,R001,natural_light,Amplio espacio con buena iluminación natural.,natural_light,False,candidate_contradiction,high,Listing claims natural light while the structured natural_light field is false.
2213,Land,Single,R002,security,Seguridad 24/7 y control de acceso.,security_type,none,candidate_contradiction,high,Listing claims security/access control while security_type is none or missing.
2272,Land,Subspace,R004,readiness,Recién remodelado con acabados modernos.,building_status,needs_renovation,candidate_contradiction,medium,Listing claims ready/remodeled/modern condition while building_status is needs_renovation.
2282,Industrial,Single,R001,natural_light,Amplio espacio con buena iluminación natural.,natural_light,False,candidate_contradiction,high,Listing claims natural light while the structured natural_light field is false.
2290,Land,Single,R003,parking,Cuenta con todos los servicios y estacionamiento.,parking_spaces,0,candidate_contradiction,medium,Listing explicitly claims parking while parking_spaces is zero/missing and parking is not listed as an amenity.
2295,Land,Subspace,R003,parking,Cuenta con todos los servicios y estacionamiento.,parking_spaces,0,candidate_contradiction,medium,Listing explicitly claims parking while parking_spaces is zero/missing and parking is not listed as an amenity.
2300,Retail,Single,R004,readiness,Espacio listo para ocupar con acabados de primera.,building_status,needs_renovation,candidate_contradiction,medium,Listing claims ready/remodeled/modern condition while building_status is needs_renovation.
2316,Industrial,Single,R001,natural_light,Amplio espacio con buena iluminación natural.,natural_light,False,candidate_contradiction,high,Listing claims natural light while the structured natural_light field is false.
2320,Land,Subspace,R004,readiness,Recién remodelado con acabados modernos.,building_status,needs_renovation,candidate_contradiction,medium,Listing claims ready/remodeled/modern condition while building_status is needs_renovation.
2322,Land,Single,R004,readiness,Espacio listo para ocupar con acabados de primera.,building_status,needs_renovation,candidate_contradiction,medium,Listing claims ready/remodeled/modern condition while building_status is needs_renovation.
2347,Retail,Single,R002,security,Seguridad 24/7 y control de acceso.,security_type,none,candidate_contradiction,high,Listing claims security/access control while security_type is none or missing.
2361,Industrial,Single,R004,readiness,Espacio listo para ocupar con acabados de primera.,building_status,needs_renovation,candidate_contradiction,medium,Listing claims ready/remodeled/modern condition while building_status is needs_renovation.
2385,Land,Single,R002,security,Seguridad 24/7 y control de acceso.,security_type,none,candidate_contradiction,high,Listing claims security/access control while security_type is none or missing.
2387,Industrial,Single,R002,security,Seguridad 24/7 y control de acceso.,security_type,none,candidate_contradiction,high,Listing claims security/access control while security_type is none or missing.
2393,Land,Subspace,R001,natural_light,Amplio espacio con buena iluminación natural.,natural_light,False,candidate_contradiction,high,Listing claims natural light while the structured natural_light field is false.
2417,Office,Single,R002,security,Seguridad 24/7 y control de acceso.,security_type,none,candidate_contradiction,high,Listing claims security/access control while security_type is none or missing.
2418,Office,Single,R001,natural_light,Amplio espacio con buena iluminación natural.,natural_light,False,candidate_contradiction,high,Listing claims natural light while the structured natural_light field is false.
2423,Land,Subspace,R001,natural_light,Amplio espacio con buena iluminación natural.,natural_light,False,candidate_contradiction,high,Listing claims natural light while the structured natural_light field is false.
2425,Office,Subspace,R001,natural_light,Amplio espacio con buena iluminación natural.,natural_light,False,candidate_contradiction,high,Listing claims natural light while the structured natural_light field is false.
2431,Office,Subspace,R002,security,Seguridad 24/7 y control de acceso.,security_type,none,candidate_contradiction,high,Listing claims security/access control while security_type is none or missing.
2436,Industrial,Single,R001,natural_light,Amplio espacio con buena iluminación natural.,natural_light,False,candidate_contradiction,high,Listing claims natural light while the structured natural_light field is false.
2450,Industrial,Single,R004,readiness,Recién remodelado con acabados modernos.,building_status,needs_renovation,candidate_contradiction,medium,Listing claims ready/remodeled/modern condition while building_status is needs_renovation.
2454,Industrial,Single,R001,natural_light,Amplio espacio con buena iluminación natural.,natural_light,False,candidate_contradiction,high,Listing claims natural light while the structured natural_light field is false.
2463,Industrial,Single,R001,natural_light,Amplio espacio con buena iluminación natural.,natural_light,False,candidate_contradiction,high,Listing claims natural light while the structured natural_light field is false.
2471,Industrial,Single,R001,natural_light,Amplio espacio con buena iluminación natural.,natural_light,False,candidate_contradiction,high,Listing claims natural light while the structured natural_light field is false.
2473,Industrial,Single,R001,natural_light,Amplio espacio con buena iluminación natural.,natural_light,False,candidate_contradiction,high,Listing claims natural light while the structured natural_light field is false.
2481,Land,Subspace,R004,readiness,Recién remodelado con acabados modernos.,building_status,needs_renovation,candidate_contradiction,medium,Listing claims ready/remodeled/modern condition while building_status is needs_renovation.
2487,Industrial,Subspace,R001,natural_light,Amplio espacio con buena iluminación natural.,natural_light,False,candidate_contradiction,high,Listing claims natural light while the structured natural_light field is false.
2492,Retail,Subspace,R004,readiness,Espacio listo para ocupar con acabados de primera.,building_status,needs_renovation,candidate_contradiction,medium,Listing claims ready/remodeled/modern condition while building_status is needs_renovation.
2494,Land,Single,R001,natural_light,Amplio espacio con buena iluminación natural.,natural_light,False,candidate_contradiction,high,Listing claims natural light while the structured natural_light field is false.
2500,Land,Single,R001,natural_light,Amplio espacio con buena iluminación natural.,natural_light,False,candidate_contradiction,high,Listing claims natural light while the structured natural_light field is false.
2502,Office,Single,R004,readiness,Espacio listo para ocupar con acabados de primera.,building_status,needs_renovation,candidate_contradiction,medium,Listing claims ready/remodeled/modern condition while building_status is needs_renovation.
2508,Land,Subspace,R001,natural_light,Amplio espacio con buena iluminación natural.,natural_light,False,candidate_contradiction,high,Listing claims natural light while the structured natural_light field is false.
2517,Office,Single,R002,security,Seguridad 24/7 y control de acceso.,security_type,none,candidate_contradiction,high,Listing claims security/access control while security_type is none or missing.
2520,Industrial,Single,R001,natural_light,Amplio espacio con buena iluminación natural.,natural_light,False,candidate_contradiction,high,Listing claims natural light while the structured natural_light field is false.
2532,Office,Single,R004,readiness,Recién remodelado con acabados modernos.,building_status,needs_renovation,candidate_contradiction,medium,Listing claims ready/remodeled/modern condition while building_status is needs_renovation.
2533,Office,Single,R001,natural_light,Amplio espacio con buena iluminación natural.,natural_light,False,candidate_contradiction,high,Listing claims natural light while the structured natural_light field is false.
2542,Industrial,Single,R004,readiness,Espacio listo para ocupar con acabados de primera.,building_status,needs_renovation,candidate_contradiction,medium,Listing claims ready/remodeled/modern condition while building_status is needs_renovation.
2546,Industrial,Single,R001,natural_light,Amplio espacio con buena iluminación natural.,natural_light,False,candidate_contradiction,high,Listing claims natural light while the structured natural_light field is false.
2581,Retail,Single,R004,readiness,Espacio listo para ocupar con acabados de primera.,building_status,needs_renovation,candidate_contradiction,medium,Listing claims ready/remodeled/modern condition while building_status is needs_renovation.
2593,Industrial,Subspace,R004,readiness,Espacio listo para ocupar con acabados de primera.,building_status,needs_renovation,candidate_contradiction,medium,Listing claims ready/remodeled/modern condition while building_status is needs_renovation.
2597,Office,Single,R004,readiness,Recién remodelado con acabados modernos.,building_status,needs_renovation,candidate_contradiction,medium,Listing claims ready/remodeled/modern condition while building_status is needs_renovation.
2615,Industrial,Single,R001,natural_light,Amplio espacio con buena iluminación natural.,natural_light,False,candidate_contradiction,high,Listing claims natural light while the structured natural_light field is false.
2616,Land,Single,R002,security,Seguridad 24/7 y control de acceso.,security_type,none,candidate_contradiction,high,Listing claims security/access control while security_type is none or missing.
2645,Land,Single,R001,natural_light,Amplio espacio con buena iluminación natural.,natural_light,False,candidate_contradiction,high,Listing claims natural light while the structured natural_light field is false.
2655,Office,Subspace,R001,natural_light,Amplio espacio con buena iluminación natural.,natural_light,False,candidate_contradiction,high,Listing claims natural light while the structured natural_light field is false.
2657,Industrial,Subspace,R001,natural_light,Amplio espacio con buena iluminación natural.,natural_light,False,candidate_contradiction,high,Listing claims natural light while the structured natural_light field is false.
2664,Retail,Single,R001,natural_light,Amplio espacio con buena iluminación natural.,natural_light,False,candidate_contradiction,high,Listing claims natural light while the structured natural_light field is false.
2668,Office,Single,R002,security,Seguridad 24/7 y control de acceso.,security_type,none,candidate_contradiction,high,Listing claims security/access control while security_type is none or missing.
2671,Land,Single,R004,readiness,Recién remodelado con acabados modernos.,building_status,needs_renovation,candidate_contradiction,medium,Listing claims ready/remodeled/modern condition while building_status is needs_renovation.
2683,Retail,Single,R001,natural_light,Amplio espacio con buena iluminación natural.,natural_light,False,candidate_contradiction,high,Listing claims natural light while the structured natural_light field is false.
2687,Industrial,Single,R001,natural_light,Amplio espacio con buena iluminación natural.,natural_light,False,candidate_contradiction,high,Listing claims natural light while the structured natural_light field is false.
2690,Industrial,Single,R004,readiness,Espacio listo para ocupar con acabados de primera.,building_status,needs_renovation,candidate_contradiction,medium,Listing claims ready/remodeled/modern condition while building_status is needs_renovation.
2701,Retail,Single,R003,parking,Cuenta con todos los servicios y estacionamiento.,parking_spaces,0,candidate_contradiction,medium,Listing explicitly claims parking while parking_spaces is zero/missing and parking is not listed as an amenity.
2712,Land,Single,R004,readiness,Espacio listo para ocupar con acabados de primera.,building_status,needs_renovation,candidate_contradiction,medium,Listing claims ready/remodeled/modern condition while building_status is needs_renovation.
2718,Land,Subspace,R003,parking,Cuenta con todos los servicios y estacionamiento.,parking_spaces,0,candidate_contradiction,medium,Listing explicitly claims parking while parking_spaces is zero/missing and parking is not listed as an amenity.
2725,Land,Single,R001,natural_light,Amplio espacio con buena iluminación natural.,natural_light,False,candidate_contradiction,high,Listing claims natural light while the structured natural_light field is false.
2746,Office,Subspace,R001,natural_light,Amplio espacio con buena iluminación natural.,natural_light,False,candidate_contradiction,high,Listing claims natural light while the structured natural_light field is false.
2759,Industrial,Single,R002,security,Seguridad 24/7 y control de acceso.,security_type,none,candidate_contradiction,high,Listing claims security/access control while security_type is none or missing.
2761,Land,Single,R003,parking,Cuenta con todos los servicios y estacionamiento.,parking_spaces,0,candidate_contradiction,medium,Listing explicitly claims parking while parking_spaces is zero/missing and parking is not listed as an amenity.
2769,Industrial,Single,R001,natural_light,Amplio espacio con buena iluminación natural.,natural_light,False,candidate_contradiction,high,Listing claims natural light while the structured natural_light field is false.
2777,Retail,Single,R004,readiness,Recién remodelado con acabados modernos.,building_status,needs_renovation,candidate_contradiction,medium,Listing claims ready/remodeled/modern condition while building_status is needs_renovation.
2790,Industrial,Single,R004,readiness,Recién remodelado con acabados modernos.,building_status,needs_renovation,candidate_contradiction,medium,Listing claims ready/remodeled/modern condition while building_status is needs_renovation.
2792,Land,Single,R003,parking,Cuenta con todos los servicios y estacionamiento.,parking_spaces,0,candidate_contradiction,medium,Listing explicitly claims parking while parking_spaces is zero/missing and parking is not listed as an amenity.
2793,Industrial,Single,R001,natural_light,Amplio espacio con buena iluminación natural.,natural_light,False,candidate_contradiction,high,Listing claims natural light while the structured natural_light field is false.
2796,Retail,Single,R004,readiness,Espacio listo para ocupar con acabados de primera.,building_status,needs_renovation,candidate_contradiction,medium,Listing claims ready/remodeled/modern condition while building_status is needs_renovation.
2799,Land,Single,R004,readiness,Recién remodelado con acabados modernos.,building_status,needs_renovation,candidate_contradiction,medium,Listing claims ready/remodeled/modern condition while building_status is needs_renovation.
2808,Industrial,Single,R004,readiness,Espacio listo para ocupar con acabados de primera.,building_status,needs_renovation,candidate_contradiction,medium,Listing claims ready/remodeled/modern condition while building_status is needs_renovation.
2832,Retail,Subspace,R001,natural_light,Amplio espacio con buena iluminación natural.,natural_light,False,candidate_contradiction,high,Listing claims natural light while the structured natural_light field is false.
2863,Land,Single,R002,security,Seguridad 24/7 y control de acceso.,security_type,none,candidate_contradiction,high,Listing claims security/access control while security_type is none or missing.
2869,Retail,Subspace,R004,readiness,Recién remodelado con acabados modernos.,building_status,needs_renovation,candidate_contradiction,medium,Listing claims ready/remodeled/modern condition while building_status is needs_renovation.
2873,Industrial,Single,R001,natural_light,Amplio espacio con buena iluminación natural.,natural_light,False,candidate_contradiction,high,Listing claims natural light while the structured natural_light field is false.
2887,Industrial,Single,R001,natural_light,Amplio espacio con buena iluminación natural.,natural_light,False,candidate_contradiction,high,Listing claims natural light while the structured natural_light field is false.
2887,Industrial,Single,R004,readiness,Espacio listo para ocupar con acabados de primera.,building_status,needs_renovation,candidate_contradiction,medium,Listing claims ready/remodeled/modern condition while building_status is needs_renovation.
2888,Office,Single,R004,readiness,Recién remodelado con acabados modernos.,building_status,needs_renovation,candidate_contradiction,medium,Listing claims ready/remodeled/modern condition while building_status is needs_renovation.
2911,Retail,Single,R004,readiness,Recién remodelado con acabados modernos.,building_status,needs_renovation,candidate_contradiction,medium,Listing claims ready/remodeled/modern condition while building_status is needs_renovation.
2923,Office,Subspace,R001,natural_light,Amplio espacio con buena iluminación natural.,natural_light,False,candidate_contradiction,high,Listing claims natural light while the structured natural_light field is false.
2929,Retail,Single,R001,natural_light,Amplio espacio con buena iluminación natural.,natural_light,False,candidate_contradiction,high,Listing claims natural light while the structured natural_light field is false.
2958,Retail,Subspace,R003,parking,Cuenta con todos los servicios y estacionamiento.,parking_spaces,0,candidate_contradiction,medium,Listing explicitly claims parking while parking_spaces is zero/missing and parking is not listed as an amenity.
2963,Industrial,Subspace,R004,readiness,Espacio listo para ocupar con acabados de primera.,building_status,needs_renovation,candidate_contradiction,medium,Listing claims ready/remodeled/modern condition while building_status is needs_renovation.
2970,Industrial,Single,R001,natural_light,Amplio espacio con buena iluminación natural.,natural_light,False,candidate_contradiction,high,Listing claims natural light while the structured natural_light field is false.
2980,Industrial,Single,R001,natural_light,Amplio espacio con buena iluminación natural.,natural_light,False,candidate_contradiction,high,Listing claims natural light while the structured natural_light field is false.
2984,Retail,Single,R004,readiness,Recién remodelado con acabados modernos.,building_status,needs_renovation,candidate_contradiction,medium,Listing claims ready/remodeled/modern condition while building_status is needs_renovation.
2991,Industrial,Single,R001,natural_light,Amplio espacio con buena iluminación natural.,natural_light,False,candidate_contradiction,high,Listing claims natural light while the structured natural_light field is false.
2992,Industrial,Single,R004,readiness,Recién remodelado con acabados modernos.,building_status,needs_renovation,candidate_contradiction,medium,Listing claims ready/remodeled/modern condition while building_status is needs_renovation.
2999,Land,Single,R004,readiness,Recién remodelado con acabados modernos.,building_status,needs_renovation,candidate_contradiction,medium,Listing claims ready/remodeled/modern condition while building_status is needs_renovation.
