spot_id,sector_name,type_name,modality,title,description,natural_light,security_type,parking_spaces,building_status,amenities,rule_positive,rule_issue_types,human_actionable_issue,human_claim_labels_json,human_notes,reviewer,reviewed_at
16,Retail,Single,sale,Single de 104 m² en americana-chapultepec,Recién remodelado con acabados modernos. Fácil acceso a transporte público y avenidas principales. Espacio listo para ocupar con acabados de primera.,True,none,3,needs_renovation,"[""rooftop"",""reception"",""parking""]",1,"[""readiness""]",,,,,
18,Retail,Single,both,"Single Retail en juriquilla-juncos, Querétaro",Ubicación estratégica cerca de centros comerciales. Excelente ubicación con acceso a vías principales. Amplio espacio con buena iluminación natural.,False,none,12,good,"[""loading_dock""]",1,"[""natural_light""]",,,,,
37,Office,Subspace,rent,"Subspace 499 m², lomas-carranza",Zona de alta plusvalía y demanda comercial.,True,cctv,24,needs_renovation,[],0,[],,,,,
39,Industrial,Single,both,Single de 4192 m² en metepec-toluca,Fácil acceso a transporte público y avenidas principales.,True,none,84,good,"[""conference_room""]",0,[],,,,,
53,Office,Single,rent,"Single Office en zona-rio-aguacaliente, Tijuana",Excelente ubicación con acceso a vías principales. Espacio listo para ocupar con acabados de primera.,False,none,4,needs_renovation,[],1,"[""readiness""]",,,,,
74,Office,Subspace,both,"Subspace en Office - lomas-carranza, San Luis Potosí",Amplio espacio con buena iluminación natural. Excelente ubicación con acceso a vías principales.,True,basic,3,new,"[""reception"",""rooftop"",""gym"",""loading_dock""]",0,[],,,,,
109,Retail,Single,sale,"Retail Single - metepec-toluca, Toluca",Seguridad 24/7 y control de acceso. Recién remodelado con acabados modernos. Zona de alta plusvalía y demanda comercial.,False,basic,0,needs_renovation,[],1,"[""readiness""]",,,,,
111,Industrial,Single,rent,"Single Industrial en zona-rio-aguacaliente, Tijuana",Zona de alta plusvalía y demanda comercial.,True,none,11,fair,[],0,[],,,,,
129,Retail,Subspace,sale,"Retail compartido en metepec-toluca, Toluca",Espacio listo para ocupar con acabados de primera.,True,full,1,needs_renovation,[],1,"[""readiness""]",,,,,
146,Retail,Subspace,both,"Subspace en Retail - lomas-carranza, San Luis Potosí",Espacio versátil adaptable a diferentes giros.,False,cctv,7,fair,"[""kitchen""]",0,[],,,,,
154,Retail,Single,rent,"Retail Single - centro-leon, León",Seguridad 24/7 y control de acceso. Espacio listo para ocupar con acabados de primera. Recién remodelado con acabados modernos.,True,cctv,4,needs_renovation,"[""gym""]",1,"[""readiness""]",,,,,
158,Office,Single,both,Single de 619 m² en lomas-verdes-satelite,Amplio espacio con buena iluminación natural.,False,full,32,fair,[],1,"[""natural_light""]",,,,,
164,Retail,Single,rent,Single de 435 m² en centenario-colosio,Amplio espacio con buena iluminación natural. Espacio listo para ocupar con acabados de primera.,False,basic,15,new,[],1,"[""natural_light""]",,,,,
181,Retail,Single,rent,Single de 165 m² en polanco,Espacio listo para ocupar con acabados de primera. Ubicación estratégica cerca de centros comerciales. Ideal para oficinas corporativas o centro de distribución.,True,cctv,6,good,"[""lounge"",""loading_dock""]",0,[],,,,,
183,Industrial,Single,rent,Single de 5107 m² en paseo-montejo,Cuenta con todos los servicios y estacionamiento. Excelente ubicación con acceso a vías principales. Espacio versátil adaptable a diferentes giros.,True,cctv,104,needs_renovation,[],0,[],,,,,
218,Office,Single,both,"Office Single - centro-chihuahua, Chihuahua",Amplio espacio con buena iluminación natural. Recién remodelado con acabados modernos. Espacio listo para ocupar con acabados de primera.,True,cctv,72,needs_renovation,"[""rooftop""]",1,"[""readiness""]",,,,,
220,Land,Single,rent,"Land Single - centro-queretaro, Querétaro",Ubicación estratégica cerca de centros comerciales.,True,basic,3,good,"[""storage"",""conference_room"",""parking""]",0,[],,,,,
232,Land,Single,both,"Single Land en centro-leon, León",Ideal para oficinas corporativas o centro de distribución. Cuenta con todos los servicios y estacionamiento. Espacio listo para ocupar con acabados de primera.,True,basic,2,needs_renovation,[],1,"[""readiness""]",,,,,
253,Office,Single,both,Single de 303 m² en andares-puerta-hierro,Amplio espacio con buena iluminación natural.,False,basic,16,fair,"[""parking"",""storage"",""security_booth"",""loading_dock""]",1,"[""natural_light""]",,,,,
255,Retail,Single,both,Single de 45 m² en vasconcelos-calzada,Zona de alta plusvalía y demanda comercial. Recién remodelado con acabados modernos.,False,cctv,1,good,[],0,[],,,,,
277,Retail,Subspace,sale,"Subspace en Retail - centro-chihuahua, Chihuahua",Cuenta con todos los servicios y estacionamiento. Perfecto para negocio en crecimiento. Amplio espacio con buena iluminación natural.,False,full,6,good,[],1,"[""natural_light""]",,,,,
290,Office,Single,sale,Single de 203 m² en centro-leon,Excelente ubicación con acceso a vías principales. Espacio versátil adaptable a diferentes giros. Ideal para oficinas corporativas o centro de distribución.,True,full,12,fair,"[""kitchen"",""storage""]",0,[],,,,,
325,Industrial,Subspace,rent,"Subspace en Industrial - andares-puerta-hierro, Zapopan",Cuenta con todos los servicios y estacionamiento. Fácil acceso a transporte público y avenidas principales. Excelente ubicación con acceso a vías principales.,True,cctv,441,new,"[""loading_dock"",""conference_room"",""cafeteria""]",0,[],,,,,
333,Office,Subspace,rent,"Subspace 157 m², lomas-verdes-satelite",Cuenta con todos los servicios y estacionamiento. Seguridad 24/7 y control de acceso. Recién remodelado con acabados modernos.,False,basic,8,needs_renovation,"[""loading_dock"",""storage"",""meeting_rooms"",""gym""]",1,"[""readiness""]",,,,,
362,Office,Single,both,Single de 63 m² en centro-queretaro,Ideal para oficinas corporativas o centro de distribución. Espacio listo para ocupar con acabados de primera. Espacio versátil adaptable a diferentes giros.,False,none,5,new,"[""gym""]",0,[],,,,,
364,Industrial,Single,both,"Single Industrial en lomas-verdes-satelite, Naucalpan de Juárez",Espacio versátil adaptable a diferentes giros.,False,cctv,24,fair,[],0,[],,,,,
372,Retail,Single,both,Single de 20 m² en andares-puerta-hierro,Ubicación estratégica cerca de centros comerciales. Espacio listo para ocupar con acabados de primera.,False,basic,0,needs_renovation,"[""meeting_rooms""]",1,"[""readiness""]",,,,,
376,Office,Single,sale,"Single Office en americana-chapultepec, Guadalajara",Amplio espacio con buena iluminación natural. Cuenta con todos los servicios y estacionamiento.,False,basic,3,good,[],1,"[""natural_light""]",,,,,
397,Industrial,Single,rent,Single de 5358 m² en lomas-verdes-satelite,Perfecto para negocio en crecimiento. Zona de alta plusvalía y demanda comercial. Espacio listo para ocupar con acabados de primera.,False,cctv,108,needs_renovation,"[""lounge"",""loading_dock""]",1,"[""readiness""]",,,,,
399,Land,Single,rent,"Single Land en centro-leon, León",Amplio espacio con buena iluminación natural.,True,none,1,fair,"[""loading_dock"",""cafeteria"",""storage""]",0,[],,,,,
434,Industrial,Subspace,rent,"Subspace 17786 m², andares-puerta-hierro",Seguridad 24/7 y control de acceso. Ubicación estratégica cerca de centros comerciales. Zona de alta plusvalía y demanda comercial.,True,basic,360,good,[],0,[],,,,,
469,Office,Single,both,"Single Office en juriquilla-juncos, Querétaro",Zona de alta plusvalía y demanda comercial.,True,none,38,good,[],0,[],,,,,
471,Land,Subspace,rent,"Subspace en Land - centro-leon, León",Espacio listo para ocupar con acabados de primera. Cuenta con todos los servicios y estacionamiento. Excelente ubicación con acceso a vías principales.,True,basic,5,fair,"[""cafeteria"",""kitchen"",""security_booth""]",0,[],,,,,
485,Office,Single,rent,"Single Office en andares-puerta-hierro, Zapopan",Amplio espacio con buena iluminación natural. Cuenta con todos los servicios y estacionamiento.,False,cctv,6,good,"[""kitchen"",""parking""]",1,"[""natural_light""]",,,,,
506,Retail,Single,rent,"Single Retail en polanco, Miguel Hidalgo",Amplio espacio con buena iluminación natural.,True,basic,1,good,[],0,[],,,,,
508,Land,Single,both,"Single Land en zona-rio-aguacaliente, Tijuana",Fácil acceso a transporte público y avenidas principales.,True,cctv,1,fair,"[""security_booth"",""storage""]",0,[],,,,,
510,Industrial,Single,rent,"Industrial Single - centro-chihuahua, Chihuahua",Fácil acceso a transporte público y avenidas principales. Espacio listo para ocupar con acabados de primera. Seguridad 24/7 y control de acceso.,False,basic,146,needs_renovation,[],1,"[""readiness""]",,,,,
514,Industrial,Single,rent,"Industrial Single - vasconcelos-calzada, San Pedro Garza García",Excelente ubicación con acceso a vías principales. Fácil acceso a transporte público y avenidas principales. Amplio espacio con buena iluminación natural.,False,basic,57,good,"[""security_booth"",""lounge"",""cafeteria"",""storage""]",1,"[""natural_light""]",,,,,
526,Land,Single,sale,"Land Single - juriquilla-juncos, Querétaro",Cuenta con todos los servicios y estacionamiento.,True,cctv,0,good,[],1,"[""parking""]",,,,,
541,Land,Subspace,rent,"Subspace en Land - centenario-colosio, Hermosillo",Excelente ubicación con acceso a vías principales. Recién remodelado con acabados modernos. Zona de alta plusvalía y demanda comercial.,True,cctv,3,good,[],0,[],,,,,
543,Land,Subspace,sale,"Land compartido en roma-condesa, Cuauhtémoc",Excelente ubicación con acceso a vías principales.,True,cctv,1,fair,[],0,[],,,,,
561,Retail,Subspace,both,"Subspace en Retail - zona-rio-aguacaliente, Tijuana",Amplio espacio con buena iluminación natural.,False,none,6,new,[],1,"[""natural_light""]",,,,,
563,Land,Subspace,both,"Subspace en Land - centro-leon, León",Amplio espacio con buena iluminación natural. Seguridad 24/7 y control de acceso.,False,none,1,good,"[""meeting_rooms"",""reception"",""security_booth""]",1,"[""natural_light"",""security""]",,,,,
578,Industrial,Single,sale,Single de 200 m² en andares-puerta-hierro,Espacio versátil adaptable a diferentes giros. Excelente ubicación con acceso a vías principales.,False,basic,4,good,[],0,[],,,,,
615,Office,Single,rent,"Single Office en juriquilla-juncos, Querétaro",Perfecto para negocio en crecimiento. Espacio listo para ocupar con acabados de primera. Ubicación estratégica cerca de centros comerciales.,True,cctv,22,new,[],0,[],,,,,
617,Land,Single,both,"Land Single - juriquilla-juncos, Querétaro",Zona de alta plusvalía y demanda comercial. Cuenta con todos los servicios y estacionamiento. Espacio listo para ocupar con acabados de primera.,True,cctv,0,new,[],1,"[""parking""]",,,,,
650,Retail,Subspace,rent,"Subspace en Retail - americana-chapultepec, Guadalajara",Cuenta con todos los servicios y estacionamiento. Espacio versátil adaptable a diferentes giros. Seguridad 24/7 y control de acceso.,True,basic,0,fair,[],1,"[""parking""]",,,,,
652,Retail,Single,rent,"Retail Single - paseo-montejo, Mérida",Zona de alta plusvalía y demanda comercial. Cuenta con todos los servicios y estacionamiento. Espacio versátil adaptable a diferentes giros.,False,basic,12,new,[],0,[],,,,,
662,Land,Single,rent,"Single Land en andares-puerta-hierro, Zapopan",Excelente ubicación con acceso a vías principales. Amplio espacio con buena iluminación natural.,False,cctv,1,new,[],1,"[""natural_light""]",,,,,
687,Land,Single,sale,Single de 13501 m² en andares-puerta-hierro,Cuenta con todos los servicios y estacionamiento. Fácil acceso a transporte público y avenidas principales.,True,basic,4,good,"[""kitchen"",""loading_dock"",""parking""]",0,[],,,,,
707,Office,Single,both,"Single Office en vasconcelos-calzada, San Pedro Garza García",Zona de alta plusvalía y demanda comercial. Amplio espacio con buena iluminación natural.,False,cctv,7,new,"[""conference_room"",""parking"",""cafeteria"",""gym""]",1,"[""natural_light""]",,,,,
722,Retail,Single,rent,"Single Retail en angelopolis-lomas, Puebla",Seguridad 24/7 y control de acceso. Excelente ubicación con acceso a vías principales.,True,full,10,fair,[],0,[],,,,,
724,Office,Single,sale,"Single Office en metepec-toluca, Toluca",Espacio listo para ocupar con acabados de primera.,True,basic,8,needs_renovation,"[""rooftop"",""loading_dock"",""security_booth""]",1,"[""readiness""]",,,,,
759,Office,Subspace,sale,"Office compartido en del-valle-narvarte, Benito Juárez",Ideal para oficinas corporativas o centro de distribución. Espacio versátil adaptable a diferentes giros. Espacio listo para ocupar con acabados de primera.,False,cctv,16,new,[],0,[],,,,,
761,Land,Single,sale,"Land Single - lomas-carranza, San Luis Potosí",Recién remodelado con acabados modernos.,True,basic,1,good,[],0,[],,,,,
765,Land,Subspace,rent,"Subspace 7160 m², del-valle-narvarte",Cuenta con todos los servicios y estacionamiento. Espacio versátil adaptable a diferentes giros. Recién remodelado con acabados modernos.,False,full,3,needs_renovation,"[""kitchen""]",1,"[""readiness""]",,,,,
794,Office,Single,rent,"Office Single - centenario-colosio, Hermosillo",Recién remodelado con acabados modernos. Espacio listo para ocupar con acabados de primera. Seguridad 24/7 y control de acceso.,True,full,3,fair,[],0,[],,,,,
810,Office,Single,sale,"Office Single - lomas-verdes-satelite, Naucalpan de Juárez",Espacio listo para ocupar con acabados de primera. Ideal para oficinas corporativas o centro de distribución. Ubicación estratégica cerca de centros comerciales.,True,none,2,needs_renovation,"[""gym"",""parking""]",1,"[""readiness""]",,,,,
831,Land,Subspace,sale,"Subspace 1529 m², macroplaza",Zona de alta plusvalía y demanda comercial. Cuenta con todos los servicios y estacionamiento.,True,cctv,5,good,"[""lounge"",""rooftop""]",0,[],,,,,
835,Land,Single,sale,Single de 3661 m² en vasconcelos-calzada,Cuenta con todos los servicios y estacionamiento. Ideal para oficinas corporativas o centro de distribución.,False,cctv,0,fair,"[""gym"",""security_booth"",""conference_room"",""storage""]",1,"[""parking""]",,,,,
866,Land,Single,sale,Single de 5123 m² en centro-queretaro,Zona de alta plusvalía y demanda comercial. Ideal para oficinas corporativas o centro de distribución. Cuenta con todos los servicios y estacionamiento.,True,none,5,needs_renovation,"[""security_booth"",""lounge"",""storage"",""reception""]",0,[],,,,,
870,Industrial,Single,sale,Single de 200 m² en juriquilla-juncos,Recién remodelado con acabados modernos. Zona de alta plusvalía y demanda comercial.,True,cctv,7,needs_renovation,[],1,"[""readiness""]",,,,,
880,Industrial,Subspace,both,"Industrial compartido en zona-rio-aguacaliente, Tijuana",Perfecto para negocio en crecimiento. Seguridad 24/7 y control de acceso. Recién remodelado con acabados modernos.,True,full,18,needs_renovation,"[""cafeteria"",""meeting_rooms"",""storage""]",1,"[""readiness""]",,,,,
903,Industrial,Subspace,rent,"Industrial compartido en macroplaza, Monterrey",Recién remodelado con acabados modernos. Zona de alta plusvalía y demanda comercial. Cuenta con todos los servicios y estacionamiento.,True,basic,203,new,[],0,[],,,,,
938,Industrial,Single,both,"Single Industrial en americana-chapultepec, Guadalajara",Excelente ubicación con acceso a vías principales. Espacio listo para ocupar con acabados de primera.,False,basic,50,good,"[""lounge"",""meeting_rooms"",""storage""]",0,[],,,,,
940,Retail,Single,rent,"Retail Single - roma-condesa, Cuauhtémoc",Zona de alta plusvalía y demanda comercial. Espacio listo para ocupar con acabados de primera. Ideal para oficinas corporativas o centro de distribución.,False,basic,1,good,"[""kitchen"",""rooftop"",""meeting_rooms"",""storage""]",0,[],,,,,
942,Industrial,Subspace,rent,"Subspace 1572 m², roma-condesa",Amplio espacio con buena iluminación natural. Ideal para oficinas corporativas o centro de distribución.,False,basic,31,good,[],1,"[""natural_light""]",,,,,
975,Retail,Single,rent,"Single Retail en americana-chapultepec, Guadalajara",Amplio espacio con buena iluminación natural. Excelente ubicación con acceso a vías principales. Recién remodelado con acabados modernos.,True,basic,2,fair,"[""meeting_rooms"",""conference_room""]",0,[],,,,,
981,Industrial,Single,sale,"Single Industrial en vasconcelos-calzada, San Pedro Garza García",Recién remodelado con acabados modernos.,False,cctv,113,needs_renovation,"[""lounge"",""loading_dock"",""storage"",""security_booth""]",1,"[""readiness""]",,,,,
1010,Retail,Single,both,"Retail Single - del-valle-narvarte, Benito Juárez",Excelente ubicación con acceso a vías principales.,True,full,1,good,"[""meeting_rooms"",""storage"",""cafeteria""]",0,[],,,,,
1047,Land,Single,both,"Land Single - del-valle-narvarte, Benito Juárez",Recién remodelado con acabados modernos. Zona de alta plusvalía y demanda comercial. Ideal para oficinas corporativas o centro de distribución.,True,basic,2,new,"[""meeting_rooms"",""parking"",""cafeteria""]",0,[],,,,,
1057,Industrial,Single,rent,"Industrial Single - metepec-toluca, Toluca",Espacio listo para ocupar con acabados de primera. Ideal para oficinas corporativas o centro de distribución.,True,none,7,needs_renovation,[],1,"[""readiness""]",,,,,
1082,Office,Single,both,Single de 4606 m² en metepec-toluca,Ubicación estratégica cerca de centros comerciales. Recién remodelado con acabados modernos. Perfecto para negocio en crecimiento.,True,none,230,new,"[""loading_dock"",""storage"",""reception"",""cafeteria""]",0,[],,,,,
1084,Land,Single,rent,Single de 8337 m² en centro-queretaro,Zona de alta plusvalía y demanda comercial.,True,cctv,1,new,"[""cafeteria"",""lounge"",""rooftop""]",0,[],,,,,
1096,Office,Single,both,"Office Single - centro-queretaro, Querétaro",Perfecto para negocio en crecimiento. Zona de alta plusvalía y demanda comercial. Amplio espacio con buena iluminación natural.,False,basic,25,fair,"[""cafeteria"",""conference_room"",""reception""]",1,"[""natural_light""]",,,,,
1119,Office,Single,rent,"Single Office en roma-condesa, Cuauhtémoc",Cuenta con todos los servicios y estacionamiento.,True,basic,8,new,"[""meeting_rooms"",""cafeteria"",""conference_room"",""security_booth""]",0,[],,,,,
1121,Industrial,Subspace,rent,"Subspace en Industrial - vasconcelos-calzada, San Pedro Garza García",Fácil acceso a transporte público y avenidas principales. Seguridad 24/7 y control de acceso. Zona de alta plusvalía y demanda comercial.,False,none,411,good,"[""reception"",""lounge"",""loading_dock""]",1,"[""security""]",,,,,
1123,Retail,Single,rent,"Single Retail en andares-puerta-hierro, Zapopan",Zona de alta plusvalía y demanda comercial. Amplio espacio con buena iluminación natural. Perfecto para negocio en crecimiento.,False,basic,12,fair,"[""storage"",""gym"",""lounge""]",1,"[""natural_light""]",,,,,
1129,Industrial,Subspace,both,"Subspace en Industrial - paseo-montejo, Mérida",Amplio espacio con buena iluminación natural. Ubicación estratégica cerca de centros comerciales.,False,basic,8,needs_renovation,"[""cafeteria""]",1,"[""natural_light""]",,,,,
1156,Land,Single,both,"Land Single - americana-chapultepec, Guadalajara",Ubicación estratégica cerca de centros comerciales. Espacio listo para ocupar con acabados de primera. Zona de alta plusvalía y demanda comercial.,False,basic,1,new,[],0,[],,,,,
1160,Office,Subspace,sale,"Office compartido en roma-condesa, Cuauhtémoc",Excelente ubicación con acceso a vías principales. Amplio espacio con buena iluminación natural. Fácil acceso a transporte público y avenidas principales.,False,cctv,52,fair,[],1,"[""natural_light""]",,,,,
1170,Industrial,Subspace,sale,"Industrial compartido en centro-chihuahua, Chihuahua",Perfecto para negocio en crecimiento. Fácil acceso a transporte público y avenidas principales. Seguridad 24/7 y control de acceso.,True,none,69,good,"[""storage"",""parking"",""conference_room""]",1,"[""security""]",,,,,
1191,Office,Single,both,"Single Office en juriquilla-juncos, Querétaro",Fácil acceso a transporte público y avenidas principales. Cuenta con todos los servicios y estacionamiento. Amplio espacio con buena iluminación natural.,True,full,77,fair,"[""loading_dock"",""kitchen"",""meeting_rooms"",""parking""]",0,[],,,,,
1199,Land,Single,sale,"Land Single - polanco, Miguel Hidalgo",Espacio listo para ocupar con acabados de primera. Perfecto para negocio en crecimiento.,True,cctv,0,needs_renovation,"[""rooftop"",""cafeteria""]",1,"[""readiness""]",,,,,
1228,Industrial,Single,sale,"Industrial Single - centro-queretaro, Querétaro",Ubicación estratégica cerca de centros comerciales.,False,cctv,136,good,[],0,[],,,,,
1242,Office,Single,sale,"Office Single - centro-chihuahua, Chihuahua",Ubicación estratégica cerca de centros comerciales. Recién remodelado con acabados modernos.,True,none,188,needs_renovation,"[""loading_dock"",""gym""]",1,"[""readiness""]",,,,,
1263,Office,Single,sale,"Office Single - centro-queretaro, Querétaro",Espacio listo para ocupar con acabados de primera. Excelente ubicación con acceso a vías principales.,False,cctv,17,new,"[""lounge""]",0,[],,,,,
1265,Land,Subspace,rent,"Subspace en Land - paseo-montejo, Mérida",Seguridad 24/7 y control de acceso. Ubicación estratégica cerca de centros comerciales.,True,cctv,3,fair,"[""conference_room""]",0,[],,,,,
1267,Retail,Subspace,sale,"Subspace 69 m², roma-condesa",Excelente ubicación con acceso a vías principales. Perfecto para negocio en crecimiento. Amplio espacio con buena iluminación natural.,False,full,3,good,"[""gym"",""lounge""]",1,"[""natural_light""]",,,,,
1277,Industrial,Single,both,"Industrial Single - macroplaza, Monterrey",Seguridad 24/7 y control de acceso. Amplio espacio con buena iluminación natural.,False,cctv,85,fair,"[""lounge""]",1,"[""natural_light""]",,,,,
1300,Industrial,Subspace,rent,"Subspace 1480 m², angelopolis-lomas",Ideal para oficinas corporativas o centro de distribución.,True,basic,31,fair,"[""kitchen"",""conference_room"",""loading_dock""]",0,[],,,,,
1335,Retail,Single,rent,Single de 154 m² en americana-chapultepec,Seguridad 24/7 y control de acceso.,False,cctv,10,new,[],0,[],,,,,
1339,Retail,Subspace,rent,"Subspace en Retail - centro-queretaro, Querétaro",Seguridad 24/7 y control de acceso. Espacio versátil adaptable a diferentes giros. Espacio listo para ocupar con acabados de primera.,False,cctv,3,needs_renovation,"[""loading_dock""]",1,"[""readiness""]",,,,,
1347,Industrial,Single,rent,"Industrial Single - metepec-toluca, Toluca",Amplio espacio con buena iluminación natural. Fácil acceso a transporte público y avenidas principales.,False,full,146,needs_renovation,"[""security_booth"",""cafeteria""]",1,"[""natural_light""]",,,,,
1372,Office,Single,both,"Office Single - centro-leon, León",Fácil acceso a transporte público y avenidas principales. Espacio listo para ocupar con acabados de primera.,False,cctv,7,good,"[""storage"",""meeting_rooms"",""loading_dock"",""cafeteria""]",0,[],,,,,
1407,Office,Single,sale,"Single Office en lomas-carranza, San Luis Potosí",Cuenta con todos los servicios y estacionamiento. Fácil acceso a transporte público y avenidas principales. Amplio espacio con buena iluminación natural.,True,basic,2,fair,"[""parking"",""gym"",""conference_room"",""security_booth""]",0,[],,,,,
1409,Land,Subspace,sale,"Land compartido en centro-leon, León",Ideal para oficinas corporativas o centro de distribución. Zona de alta plusvalía y demanda comercial. Fácil acceso a transporte público y avenidas principales.,True,cctv,2,fair,[],0,[],,,,,
1413,Industrial,Single,sale,"Industrial Single - centro-queretaro, Querétaro",Ubicación estratégica cerca de centros comerciales. Amplio espacio con buena iluminación natural.,False,basic,48,needs_renovation,[],1,"[""natural_light""]",,,,,
1427,Land,Subspace,both,"Land compartido en macroplaza, Monterrey",Cuenta con todos los servicios y estacionamiento. Espacio listo para ocupar con acabados de primera. Recién remodelado con acabados modernos.,False,full,0,good,"[""lounge""]",1,"[""parking""]",,,,,
1444,Land,Subspace,both,"Subspace en Land - polanco, Miguel Hidalgo",Ubicación estratégica cerca de centros comerciales. Excelente ubicación con acceso a vías principales. Fácil acceso a transporte público y avenidas principales.,True,full,3,fair,[],0,[],,,,,
1479,Retail,Single,rent,"Single Retail en centro-chihuahua, Chihuahua",Seguridad 24/7 y control de acceso. Espacio listo para ocupar con acabados de primera. Zona de alta plusvalía y demanda comercial.,True,basic,1,needs_renovation,[],1,"[""readiness""]",,,,,
1483,Office,Single,both,"Office Single - roma-condesa, Cuauhtémoc",Seguridad 24/7 y control de acceso. Recién remodelado con acabados modernos. Espacio versátil adaptable a diferentes giros.,False,none,21,needs_renovation,"[""lounge"",""parking"",""conference_room"",""storage""]",1,"[""readiness"",""security""]",,,,,
1516,Office,Single,rent,Single de 342 m² en lomas-carranza,Fácil acceso a transporte público y avenidas principales. Espacio versátil adaptable a diferentes giros. Seguridad 24/7 y control de acceso.,True,cctv,20,new,[],0,[],,,,,
1518,Retail,Subspace,both,"Subspace 53 m², americana-chapultepec",Ideal para oficinas corporativas o centro de distribución. Espacio listo para ocupar con acabados de primera.,True,basic,7,needs_renovation,"[""cafeteria"",""security_booth""]",1,"[""readiness""]",,,,,
1551,Office,Single,rent,"Office Single - lomas-verdes-satelite, Naucalpan de Juárez",Recién remodelado con acabados modernos. Cuenta con todos los servicios y estacionamiento. Zona de alta plusvalía y demanda comercial.,False,none,3,new,"[""loading_dock"",""security_booth"",""meeting_rooms""]",0,[],,,,,
1553,Industrial,Subspace,sale,"Industrial compartido en vasconcelos-calzada, San Pedro Garza García",Zona de alta plusvalía y demanda comercial. Seguridad 24/7 y control de acceso. Cuenta con todos los servicios y estacionamiento.,True,full,16,fair,"[""gym"",""rooftop""]",0,[],,,,,
1571,Retail,Single,both,Single de 178 m² en macroplaza,Seguridad 24/7 y control de acceso. Recién remodelado con acabados modernos.,True,none,8,good,"[""kitchen""]",1,"[""security""]",,,,,
1588,Retail,Single,sale,"Single Retail en roma-condesa, Cuauhtémoc",Zona de alta plusvalía y demanda comercial. Perfecto para negocio en crecimiento.,True,none,1,new,[],0,[],,,,,
1590,Industrial,Subspace,both,"Industrial compartido en centro-chihuahua, Chihuahua",Zona de alta plusvalía y demanda comercial. Espacio versátil adaptable a diferentes giros. Perfecto para negocio en crecimiento.,True,basic,76,good,[],0,[],,,,,
1623,Industrial,Single,rent,"Industrial Single - macroplaza, Monterrey",Cuenta con todos los servicios y estacionamiento.,True,basic,70,good,[],0,[],,,,,
1625,Land,Subspace,both,"Land compartido en centro-queretaro, Querétaro",Cuenta con todos los servicios y estacionamiento. Zona de alta plusvalía y demanda comercial.,False,basic,2,good,"[""cafeteria"",""security_booth""]",0,[],,,,,
1660,Retail,Single,both,Single de 73 m² en andares-puerta-hierro,Amplio espacio con buena iluminación natural. Zona de alta plusvalía y demanda comercial. Seguridad 24/7 y control de acceso.,True,cctv,2,new,[],0,[],,,,,
1695,Industrial,Subspace,rent,"Subspace en Industrial - angelopolis-lomas, Puebla",Amplio espacio con buena iluminación natural. Excelente ubicación con acceso a vías principales.,False,basic,21,new,"[""gym"",""loading_dock""]",1,"[""natural_light""]",,,,,
1697,Land,Single,sale,"Land Single - lomas-verdes-satelite, Naucalpan de Juárez",Cuenta con todos los servicios y estacionamiento.,False,none,0,fair,[],1,"[""parking""]",,,,,
1732,Industrial,Subspace,sale,"Industrial compartido en centro-leon, León",Amplio espacio con buena iluminación natural. Ubicación estratégica cerca de centros comerciales. Perfecto para negocio en crecimiento.,True,basic,135,new,[],0,[],,,,,
1734,Land,Single,both,"Single Land en roma-condesa, Cuauhtémoc",Recién remodelado con acabados modernos.,False,none,1,good,"[""meeting_rooms""]",0,[],,,,,
1769,Industrial,Single,both,"Industrial Single - macroplaza, Monterrey",Ubicación estratégica cerca de centros comerciales.,True,basic,16,good,"[""security_booth""]",0,[],,,,,
1804,Office,Single,rent,"Office Single - juriquilla-juncos, Querétaro",Perfecto para negocio en crecimiento.,False,basic,9,fair,"[""parking"",""security_booth"",""cafeteria""]",0,[],,,,,
1806,Industrial,Subspace,rent,"Subspace 1677 m², angelopolis-lomas",Espacio listo para ocupar con acabados de primera.,False,basic,34,fair,[],0,[],,,,,
1808,Industrial,Subspace,both,"Subspace 6427 m², macroplaza",Ideal para oficinas corporativas o centro de distribución. Amplio espacio con buena iluminación natural.,False,basic,129,fair,[],1,"[""natural_light""]",,,,,
1816,Industrial,Single,rent,Single de 20612 m² en roma-condesa,Seguridad 24/7 y control de acceso. Perfecto para negocio en crecimiento. Cuenta con todos los servicios y estacionamiento.,False,none,413,good,"[""conference_room"",""gym"",""parking""]",1,"[""security""]",,,,,
1820,Office,Subspace,rent,"Subspace en Office - andares-puerta-hierro, Zapopan",Recién remodelado con acabados modernos. Espacio versátil adaptable a diferentes giros. Amplio espacio con buena iluminación natural.,False,full,78,good,"[""storage"",""rooftop"",""conference_room""]",1,"[""natural_light""]",,,,,
1841,Retail,Single,rent,"Single Retail en centro-queretaro, Querétaro",Seguridad 24/7 y control de acceso.,True,basic,11,fair,[],0,[],,,,,
1876,Land,Single,rent,"Single Land en vasconcelos-calzada, San Pedro Garza García",Recién remodelado con acabados modernos. Zona de alta plusvalía y demanda comercial. Seguridad 24/7 y control de acceso.,False,full,3,good,"[""security_booth""]",0,[],,,,,
1880,Land,Single,both,Single de 4134 m² en metepec-toluca,Recién remodelado con acabados modernos. Excelente ubicación con acceso a vías principales.,True,full,5,needs_renovation,[],1,"[""readiness""]",,,,,
1913,Land,Subspace,rent,"Subspace 428 m², centro-leon",Cuenta con todos los servicios y estacionamiento.,True,basic,0,new,[],1,"[""parking""]",,,,,
1915,Retail,Single,sale,"Single Retail en centro-chihuahua, Chihuahua",Seguridad 24/7 y control de acceso.,True,none,2,good,[],1,"[""security""]",,,,,
1948,Office,Single,both,Single de 30 m² en del-valle-narvarte,Ideal para oficinas corporativas o centro de distribución. Cuenta con todos los servicios y estacionamiento. Fácil acceso a transporte público y avenidas principales.,True,basic,2,new,"[""conference_room"",""storage""]",0,[],,,,,
1950,Retail,Single,both,"Single Retail en juriquilla-juncos, Querétaro",Excelente ubicación con acceso a vías principales. Perfecto para negocio en crecimiento.,False,cctv,6,good,[],0,[],,,,,
1985,Office,Single,both,Single de 30 m² en andares-puerta-hierro,Zona de alta plusvalía y demanda comercial. Fácil acceso a transporte público y avenidas principales.,False,basic,3,new,[],0,[],,,,,
1989,Industrial,Single,rent,"Single Industrial en angelopolis-lomas, Puebla",Espacio listo para ocupar con acabados de primera. Seguridad 24/7 y control de acceso. Zona de alta plusvalía y demanda comercial.,False,basic,64,needs_renovation,"[""cafeteria"",""loading_dock"",""kitchen"",""conference_room""]",1,"[""readiness""]",,,,,
1995,Industrial,Single,sale,"Industrial Single - americana-chapultepec, Guadalajara",Amplio espacio con buena iluminación natural. Cuenta con todos los servicios y estacionamiento. Excelente ubicación con acceso a vías principales.,False,basic,18,fair,"[""kitchen""]",1,"[""natural_light""]",,,,,
2020,Retail,Single,both,"Retail Single - centro-chihuahua, Chihuahua",Zona de alta plusvalía y demanda comercial. Seguridad 24/7 y control de acceso. Fácil acceso a transporte público y avenidas principales.,True,full,6,fair,"[""security_booth"",""gym""]",0,[],,,,,
2028,Industrial,Single,both,"Industrial Single - centro-leon, León",Espacio versátil adaptable a diferentes giros. Amplio espacio con buena iluminación natural.,False,basic,17,good,"[""loading_dock"",""reception"",""security_booth"",""storage""]",1,"[""natural_light""]",,,,,
2034,Land,Single,rent,Single de 60936 m² en americana-chapultepec,Recién remodelado con acabados modernos.,True,cctv,2,needs_renovation,[],1,"[""readiness""]",,,,,
2057,Retail,Single,rent,"Retail Single - metepec-toluca, Toluca",Ideal para oficinas corporativas o centro de distribución. Espacio versátil adaptable a diferentes giros. Excelente ubicación con acceso a vías principales.,True,full,8,fair,"[""rooftop"",""kitchen"",""meeting_rooms"",""lounge""]",0,[],,,,,
2059,Office,Single,sale,"Office Single - macroplaza, Monterrey",Recién remodelado con acabados modernos.,False,full,5,needs_renovation,[],1,"[""readiness""]",,,,,
2069,Land,Subspace,both,"Land compartido en lomas-verdes-satelite, Naucalpan de Juárez",Amplio espacio con buena iluminación natural. Recién remodelado con acabados modernos. Excelente ubicación con acceso a vías principales.,False,basic,0,new,"[""loading_dock""]",1,"[""natural_light""]",,,,,
2092,Retail,Single,rent,"Single Retail en juriquilla-juncos, Querétaro",Perfecto para negocio en crecimiento. Ideal para oficinas corporativas o centro de distribución.,False,full,5,new,[],0,[],,,,,
2108,Land,Subspace,rent,"Land compartido en polanco, Miguel Hidalgo",Cuenta con todos los servicios y estacionamiento.,True,basic,0,good,"[""security_booth"",""cafeteria""]",1,"[""parking""]",,,,,
2129,Industrial,Single,both,Single de 2515 m² en centro-queretaro,Amplio espacio con buena iluminación natural. Fácil acceso a transporte público y avenidas principales. Ubicación estratégica cerca de centros comerciales.,True,basic,52,fair,"[""reception""]",0,[],,,,,
2149,Retail,Single,both,"Retail Single - angelopolis-lomas, Puebla",Perfecto para negocio en crecimiento. Recién remodelado con acabados modernos.,False,full,7,needs_renovation,"[""security_booth"",""cafeteria""]",1,"[""readiness""]",,,,,
2164,Land,Single,sale,"Single Land en paseo-montejo, Mérida",Espacio versátil adaptable a diferentes giros.,True,none,2,good,[],0,[],,,,,
2186,Office,Single,rent,"Single Office en metepec-toluca, Toluca",Recién remodelado con acabados modernos. Ubicación estratégica cerca de centros comerciales.,True,basic,186,needs_renovation,[],1,"[""readiness""]",,,,,
2201,Retail,Single,rent,"Single Retail en centenario-colosio, Hermosillo",Fácil acceso a transporte público y avenidas principales. Zona de alta plusvalía y demanda comercial.,True,basic,0,good,"[""storage"",""reception""]",0,[],,,,,
2213,Land,Single,both,Single de 2599 m² en paseo-montejo,Seguridad 24/7 y control de acceso. Zona de alta plusvalía y demanda comercial.,True,none,1,new,"[""gym"",""reception"",""rooftop""]",1,"[""security""]",,,,,
2236,Land,Single,both,"Land Single - centro-chihuahua, Chihuahua",Espacio listo para ocupar con acabados de primera. Seguridad 24/7 y control de acceso.,False,basic,3,good,[],0,[],,,,,
2238,Retail,Single,rent,Single de 35 m² en juriquilla-juncos,Recién remodelado con acabados modernos. Zona de alta plusvalía y demanda comercial. Excelente ubicación con acceso a vías principales.,True,cctv,3,good,"[""security_booth"",""kitchen"",""storage""]",0,[],,,,,
2273,Office,Single,both,Single de 1030 m² en centenario-colosio,Amplio espacio con buena iluminación natural.,True,cctv,51,good,"[""gym""]",0,[],,,,,
2275,Land,Single,sale,"Single Land en zona-rio-aguacaliente, Tijuana",Amplio espacio con buena iluminación natural.,True,cctv,1,fair,"[""loading_dock""]",0,[],,,,,
2310,Land,Single,rent,Single de 43440 m² en zona-rio-aguacaliente,Cuenta con todos los servicios y estacionamiento. Espacio listo para ocupar con acabados de primera. Amplio espacio con buena iluminación natural.,True,cctv,1,new,"[""rooftop"",""kitchen"",""reception""]",0,[],,,,,
2316,Industrial,Single,both,"Single Industrial en paseo-montejo, Mérida",Ideal para oficinas corporativas o centro de distribución. Perfecto para negocio en crecimiento. Amplio espacio con buena iluminación natural.,False,basic,45,fair,"[""parking"",""gym""]",1,"[""natural_light""]",,,,,
2320,Land,Subspace,rent,"Subspace 6470 m², lomas-verdes-satelite",Recién remodelado con acabados modernos. Ubicación estratégica cerca de centros comerciales. Amplio espacio con buena iluminación natural.,True,basic,4,needs_renovation,"[""security_booth"",""meeting_rooms"",""storage""]",1,"[""readiness""]",,,,,
2322,Land,Single,rent,Single de 56231 m² en juriquilla-juncos,Espacio listo para ocupar con acabados de primera. Ideal para oficinas corporativas o centro de distribución. Fácil acceso a transporte público y avenidas principales.,True,none,3,needs_renovation,"[""parking"",""kitchen"",""rooftop"",""storage""]",1,"[""readiness""]",,,,,
2345,Office,Single,both,"Office Single - centro-queretaro, Querétaro",Espacio listo para ocupar con acabados de primera.,True,basic,33,good,[],0,[],,,,,
2347,Retail,Single,rent,"Retail Single - angelopolis-lomas, Puebla",Perfecto para negocio en crecimiento. Seguridad 24/7 y control de acceso. Ubicación estratégica cerca de centros comerciales.,True,none,6,good,"[""parking"",""kitchen"",""loading_dock"",""rooftop""]",1,"[""security""]",,,,,
2361,Industrial,Single,rent,"Industrial Single - americana-chapultepec, Guadalajara",Excelente ubicación con acceso a vías principales. Espacio listo para ocupar con acabados de primera.,True,cctv,87,needs_renovation,[],1,"[""readiness""]",,,,,
2382,Land,Single,rent,Single de 3266 m² en vasconcelos-calzada,Recién remodelado con acabados modernos.,True,basic,3,new,"[""kitchen"",""storage"",""meeting_rooms"",""cafeteria""]",0,[],,,,,
2417,Office,Single,rent,"Single Office en juriquilla-juncos, Querétaro",Cuenta con todos los servicios y estacionamiento. Seguridad 24/7 y control de acceso. Excelente ubicación con acceso a vías principales.,True,none,4,fair,"[""loading_dock"",""conference_room"",""storage"",""security_booth""]",1,"[""security""]",,,,,
2419,Land,Single,rent,"Land Single - centro-queretaro, Querétaro",Ubicación estratégica cerca de centros comerciales. Espacio listo para ocupar con acabados de primera. Amplio espacio con buena iluminación natural.,True,basic,1,good,[],0,[],,,,,
2423,Land,Subspace,sale,"Subspace 8717 m², vasconcelos-calzada",Recién remodelado con acabados modernos. Perfecto para negocio en crecimiento. Amplio espacio con buena iluminación natural.,False,full,2,good,"[""meeting_rooms"",""security_booth""]",1,"[""natural_light""]",,,,,
2425,Office,Subspace,both,"Office compartido en paseo-montejo, Mérida",Recién remodelado con acabados modernos. Amplio espacio con buena iluminación natural.,False,basic,3,fair,[],1,"[""natural_light""]",,,,,
2431,Office,Subspace,rent,"Subspace 317 m², del-valle-narvarte",Seguridad 24/7 y control de acceso.,True,none,15,needs_renovation,"[""lounge"",""rooftop"",""reception"",""parking""]",1,"[""security""]",,,,,
2454,Industrial,Single,both,"Single Industrial en macroplaza, Monterrey",Zona de alta plusvalía y demanda comercial. Espacio listo para ocupar con acabados de primera. Amplio espacio con buena iluminación natural.,False,basic,150,good,[],1,"[""natural_light""]",,,,,
2489,Office,Subspace,rent,"Subspace en Office - juriquilla-juncos, Querétaro",Amplio espacio con buena iluminación natural. Ideal para oficinas corporativas o centro de distribución.,True,full,26,needs_renovation,"[""kitchen""]",0,[],,,,,
2491,Industrial,Single,sale,"Industrial Single - lomas-verdes-satelite, Naucalpan de Juárez",Cuenta con todos los servicios y estacionamiento. Espacio listo para ocupar con acabados de primera.,True,none,33,good,[],0,[],,,,,
2526,Office,Single,rent,"Single Office en del-valle-narvarte, Benito Juárez",Perfecto para negocio en crecimiento.,True,none,10,good,[],0,[],,,,,
2532,Office,Single,rent,"Single Office en americana-chapultepec, Guadalajara",Recién remodelado con acabados modernos.,False,none,8,needs_renovation,"[""security_booth"",""rooftop""]",1,"[""readiness""]",,,,,
2561,Retail,Subspace,both,"Subspace en Retail - centenario-colosio, Hermosillo",Ubicación estratégica cerca de centros comerciales. Seguridad 24/7 y control de acceso. Cuenta con todos los servicios y estacionamiento.,True,cctv,2,new,"[""kitchen""]",0,[],,,,,
2581,Retail,Single,sale,Single de 153 m² en del-valle-narvarte,Espacio listo para ocupar con acabados de primera.,True,basic,6,needs_renovation,"[""security_booth"",""cafeteria"",""gym""]",1,"[""readiness""]",,,,,
2598,Retail,Single,rent,"Retail Single - andares-puerta-hierro, Zapopan",Perfecto para negocio en crecimiento. Zona de alta plusvalía y demanda comercial.,True,basic,10,good,[],0,[],,,,,
2616,Land,Single,both,Single de 1929 m² en americana-chapultepec,Ideal para oficinas corporativas o centro de distribución. Seguridad 24/7 y control de acceso.,False,none,0,good,"[""lounge""]",1,"[""security""]",,,,,
2633,Retail,Single,both,"Single Retail en vasconcelos-calzada, San Pedro Garza García",Perfecto para negocio en crecimiento.,True,basic,29,fair,[],0,[],,,,,
2645,Land,Single,sale,"Single Land en centro-queretaro, Querétaro",Amplio espacio con buena iluminación natural.,False,basic,1,new,"[""meeting_rooms""]",1,"[""natural_light""]",,,,,
2655,Office,Subspace,rent,"Subspace en Office - centro-queretaro, Querétaro",Excelente ubicación con acceso a vías principales. Amplio espacio con buena iluminación natural. Recién remodelado con acabados modernos.,False,basic,11,new,"[""parking"",""security_booth""]",1,"[""natural_light""]",,,,,
2670,Office,Single,rent,"Single Office en vasconcelos-calzada, San Pedro Garza García",Ubicación estratégica cerca de centros comerciales. Ideal para oficinas corporativas o centro de distribución. Perfecto para negocio en crecimiento.,True,basic,21,new,"[""rooftop"",""gym""]",0,[],,,,,
2672,Industrial,Single,sale,"Industrial Single - del-valle-narvarte, Benito Juárez",Ideal para oficinas corporativas o centro de distribución.,False,cctv,28,new,"[""conference_room"",""storage"",""loading_dock""]",0,[],,,,,
2705,Retail,Single,both,"Single Retail en centro-chihuahua, Chihuahua",Espacio listo para ocupar con acabados de primera.,True,basic,4,fair,"[""meeting_rooms""]",0,[],,,,,
2725,Land,Single,both,"Single Land en paseo-montejo, Mérida",Zona de alta plusvalía y demanda comercial. Amplio espacio con buena iluminación natural.,False,basic,3,new,"[""security_booth"",""kitchen"",""meeting_rooms"",""gym""]",1,"[""natural_light""]",,,,,
2742,Retail,Subspace,both,"Subspace en Retail - centro-chihuahua, Chihuahua",Amplio espacio con buena iluminación natural.,True,none,7,good,"[""kitchen"",""loading_dock""]",0,[],,,,,
2746,Office,Subspace,rent,"Subspace en Office - americana-chapultepec, Guadalajara",Espacio versátil adaptable a diferentes giros. Amplio espacio con buena iluminación natural. Excelente ubicación con acceso a vías principales.,False,full,9,good,[],1,"[""natural_light""]",,,,,
2777,Retail,Single,both,Single de 427 m² en andares-puerta-hierro,Recién remodelado con acabados modernos. Espacio listo para ocupar con acabados de primera. Seguridad 24/7 y control de acceso.,False,cctv,15,needs_renovation,"[""parking"",""gym"",""kitchen""]",1,"[""readiness""]",,,,,
2779,Industrial,Subspace,both,"Subspace 5966 m², paseo-montejo",Ubicación estratégica cerca de centros comerciales. Fácil acceso a transporte público y avenidas principales.,True,basic,121,good,"[""rooftop"",""reception""]",0,[],,,,,
2793,Industrial,Single,both,"Single Industrial en lomas-verdes-satelite, Naucalpan de Juárez",Perfecto para negocio en crecimiento. Amplio espacio con buena iluminación natural.,False,cctv,21,good,[],1,"[""natural_light""]",,,,,
2799,Land,Single,both,"Single Land en del-valle-narvarte, Benito Juárez",Recién remodelado con acabados modernos.,False,cctv,2,needs_renovation,[],1,"[""readiness""]",,,,,
2814,Office,Single,rent,"Office Single - polanco, Miguel Hidalgo",Ubicación estratégica cerca de centros comerciales. Recién remodelado con acabados modernos.,True,full,42,good,[],0,[],,,,,
2816,Industrial,Single,rent,Single de 3428 m² en lomas-verdes-satelite,Zona de alta plusvalía y demanda comercial. Espacio listo para ocupar con acabados de primera. Cuenta con todos los servicios y estacionamiento.,True,cctv,69,new,[],0,[],,,,,
2832,Retail,Subspace,sale,"Subspace en Retail - centro-queretaro, Querétaro",Fácil acceso a transporte público y avenidas principales. Amplio espacio con buena iluminación natural.,False,cctv,20,good,"[""loading_dock"",""rooftop"",""kitchen""]",1,"[""natural_light""]",,,,,
2851,Retail,Single,sale,"Single Retail en centro-chihuahua, Chihuahua",Excelente ubicación con acceso a vías principales. Perfecto para negocio en crecimiento.,True,full,6,new,[],0,[],,,,,
2863,Land,Single,both,"Single Land en del-valle-narvarte, Benito Juárez",Excelente ubicación con acceso a vías principales. Ubicación estratégica cerca de centros comerciales. Seguridad 24/7 y control de acceso.,True,none,3,fair,"[""rooftop"",""gym"",""reception""]",1,"[""security""]",,,,,
2869,Retail,Subspace,rent,"Subspace 103 m², americana-chapultepec",Espacio versátil adaptable a diferentes giros. Recién remodelado con acabados modernos.,True,full,5,needs_renovation,[],1,"[""readiness""]",,,,,
2886,Industrial,Single,both,"Industrial Single - centro-leon, León",Perfecto para negocio en crecimiento. Excelente ubicación con acceso a vías principales. Espacio versátil adaptable a diferentes giros.,False,basic,160,new,[],0,[],,,,,
2888,Office,Single,sale,"Office Single - roma-condesa, Cuauhtémoc",Recién remodelado con acabados modernos.,True,full,43,needs_renovation,[],1,"[""readiness""]",,,,,
2923,Office,Subspace,both,"Subspace en Office - zona-rio-aguacaliente, Tijuana",Espacio versátil adaptable a diferentes giros. Amplio espacio con buena iluminación natural.,False,basic,10,fair,[],1,"[""natural_light""]",,,,,
2929,Retail,Single,both,"Retail Single - americana-chapultepec, Guadalajara",Amplio espacio con buena iluminación natural. Perfecto para negocio en crecimiento.,False,basic,12,new,[],1,"[""natural_light""]",,,,,
2958,Retail,Subspace,rent,"Retail compartido en andares-puerta-hierro, Zapopan",Fácil acceso a transporte público y avenidas principales. Espacio versátil adaptable a diferentes giros. Cuenta con todos los servicios y estacionamiento.,False,cctv,0,fair,"[""cafeteria"",""reception"",""rooftop""]",1,"[""parking""]",,,,,
2960,Industrial,Single,sale,Single de 8848 m² en lomas-carranza,Espacio versátil adaptable a diferentes giros. Cuenta con todos los servicios y estacionamiento. Ideal para oficinas corporativas o centro de distribución.,True,basic,180,needs_renovation,"[""gym"",""security_booth"",""storage"",""kitchen""]",0,[],,,,,
2970,Industrial,Single,both,Single de 5569 m² en roma-condesa,Zona de alta plusvalía y demanda comercial. Ideal para oficinas corporativas o centro de distribución. Amplio espacio con buena iluminación natural.,False,full,112,fair,"[""parking"",""kitchen""]",1,"[""natural_light""]",,,,,
2995,Industrial,Subspace,both,"Industrial compartido en roma-condesa, Cuauhtémoc",Espacio versátil adaptable a diferentes giros. Ubicación estratégica cerca de centros comerciales.,False,none,43,good,"[""reception"",""parking"",""rooftop""]",0,[],,,,,
2999,Land,Single,sale,"Land Single - metepec-toluca, Toluca",Recién remodelado con acabados modernos. Ubicación estratégica cerca de centros comerciales.,True,basic,1,needs_renovation,"[""meeting_rooms"",""loading_dock"",""parking"",""storage""]",1,"[""readiness""]",,,,,
