feature_name,feature_family,source_table,raw_columns,business_meaning,stage,earliest_available_at,transformation,fit_required,fold_aware,leakage_risk,model_role,evidence,status,notes
user_type,T1_A_INTAKE,leads,user_type,Lead/customer type,T0|T1|T2,leads.created_at,raw intake value,false,false,LOW,LEAD_QUALITY,P1 temporal ontology; EDA development only,REQUIRED,Core LeadQuality intake.
company_size,T1_A_INTAKE,leads,company_size,Company size,T0|T1|T2,leads.created_at,raw intake value,false,false,LOW,LEAD_QUALITY,P1 temporal ontology; EDA development only,REQUIRED,Core LeadQuality intake.
industry,T1_A_INTAKE,leads,industry,Industry,T0|T1|T2,leads.created_at,raw intake value,false,false,LOW,LEAD_QUALITY,P1 temporal ontology; EDA development only,REQUIRED,Core LeadQuality intake.
search_sector,T1_A_INTAKE,leads,search_sector,Requested property sector,T0|T1|T2,leads.created_at,raw intake value,false,false,LOW,LEAD_QUALITY,P1 temporal ontology; EDA development only,REQUIRED,Core LeadQuality intake.
search_modality,T1_A_INTAKE,leads,search_modality,Rent/sale/both need,T0|T1|T2,leads.created_at,raw intake value,false,false,LOW,LEAD_QUALITY,P1 temporal ontology; EDA development only,REQUIRED,Core LeadQuality intake.
target_area_sqm,T1_A_INTAKE,leads,target_area_sqm,Intake target area,T0|T1|T2,leads.created_at,raw intake value,false,false,LOW,LEAD_QUALITY,P1 temporal ontology; EDA development only,REQUIRED,Core LeadQuality intake.
min_budget_mxn_rent_monthly,T1_A_INTAKE,leads,min_budget_mxn_rent_monthly,Intake rent lower bound,T0|T1|T2,leads.created_at,raw intake value,false,false,LOW,LEAD_QUALITY,P1 temporal ontology; EDA development only,REQUIRED,Core LeadQuality intake.
max_budget_mxn_rent_monthly,T1_A_INTAKE,leads,max_budget_mxn_rent_monthly,Intake rent upper bound,T0|T1|T2,leads.created_at,raw intake value,false,false,LOW,LEAD_QUALITY,P1 temporal ontology; EDA development only,REQUIRED,Core LeadQuality intake.
min_budget_mxn_sale_total,T1_A_INTAKE,leads,min_budget_mxn_sale_total,Intake sale lower bound,T0|T1|T2,leads.created_at,raw intake value,false,false,LOW,LEAD_QUALITY,P1 temporal ontology; EDA development only,REQUIRED,Core LeadQuality intake.
max_budget_mxn_sale_total,T1_A_INTAKE,leads,max_budget_mxn_sale_total,Intake sale upper bound,T0|T1|T2,leads.created_at,raw intake value,false,false,LOW,LEAD_QUALITY,P1 temporal ontology; EDA development only,REQUIRED,Core LeadQuality intake.
preferred_state,T1_A_INTAKE,leads,preferred_state,Preferred state,T0|T1|T2,leads.created_at,raw intake value,false,false,LOW,LEAD_QUALITY,P1 temporal ontology; EDA development only,REQUIRED,Core LeadQuality intake.
preferred_municipality,T1_A_INTAKE,leads,preferred_municipality,Preferred municipality,T0|T1|T2,leads.created_at,raw intake value,false,false,LOW,LEAD_QUALITY,P1 temporal ontology; EDA development only,REQUIRED,Core LeadQuality intake.
preferred_corridor,T1_A_INTAKE,leads,preferred_corridor,Preferred corridor,T0|T1|T2,leads.created_at,raw intake value,false,false,LOW,LEAD_QUALITY,P1 temporal ontology; EDA development only,REQUIRED,Core LeadQuality intake.
source,T1_A_INTAKE,leads,source,Acquisition source,T0|T1|T2,leads.created_at,raw intake value,false,false,LOW,LEAD_QUALITY,P1 temporal ontology; EDA development only,REQUIRED,Core LeadQuality intake.
rent_budget_applicable,T1_A_INTAKE_DERIVED,leads,search_modality,Whether rent budget is applicable to the stated need,T0|T1|T2,leads.created_at,deterministic; applicability-aware,false,false,LOW,LEAD_QUALITY,EDA-04/05; P4 lineage,SUPPORTED,No learned bins or global statistics.
sale_budget_applicable,T1_A_INTAKE_DERIVED,leads,search_modality,Whether sale budget is applicable to the stated need,T0|T1|T2,leads.created_at,deterministic; applicability-aware,false,false,LOW,LEAD_QUALITY,EDA-04/05; P4 lineage,SUPPORTED,No learned bins or global statistics.
intake_rent_budget_state,T1_A_INTAKE_DERIVED,leads,search_modality|min_budget_mxn_rent_monthly|max_budget_mxn_rent_monthly,NOT_APPLICABLE/UNKNOWN/PARTIAL/OBSERVED rent budget state,T0|T1|T2,leads.created_at,deterministic; applicability-aware,false,false,LOW,LEAD_QUALITY,EDA-04/05; P4 lineage,SUPPORTED,No learned bins or global statistics.
intake_sale_budget_state,T1_A_INTAKE_DERIVED,leads,search_modality|min_budget_mxn_sale_total|max_budget_mxn_sale_total,NOT_APPLICABLE/UNKNOWN/PARTIAL/OBSERVED sale budget state,T0|T1|T2,leads.created_at,deterministic; applicability-aware,false,false,LOW,LEAD_QUALITY,EDA-04/05; P4 lineage,SUPPORTED,No learned bins or global statistics.
intake_rent_budget_midpoint,T1_A_INTAKE_DERIVED,leads,min_budget_mxn_rent_monthly|max_budget_mxn_rent_monthly,Midpoint when both rent bounds are known,T0|T1|T2,leads.created_at,deterministic; applicability-aware,false,false,LOW,LEAD_QUALITY,EDA-04/05; P4 lineage,SUPPORTED,No learned bins or global statistics.
intake_sale_budget_midpoint,T1_A_INTAKE_DERIVED,leads,min_budget_mxn_sale_total|max_budget_mxn_sale_total,Midpoint when both sale bounds are known,T0|T1|T2,leads.created_at,deterministic; applicability-aware,false,false,LOW,LEAD_QUALITY,EDA-04/05; P4 lineage,SUPPORTED,No learned bins or global statistics.
intake_rent_budget_width,T1_A_INTAKE_DERIVED,leads,min_budget_mxn_rent_monthly|max_budget_mxn_rent_monthly,Rent interval width,T0|T1|T2,leads.created_at,deterministic; applicability-aware,false,false,LOW,LEAD_QUALITY,EDA-04/05; P4 lineage,SUPPORTED,No learned bins or global statistics.
intake_sale_budget_width,T1_A_INTAKE_DERIVED,leads,min_budget_mxn_sale_total|max_budget_mxn_sale_total,Sale interval width,T0|T1|T2,leads.created_at,deterministic; applicability-aware,false,false,LOW,LEAD_QUALITY,EDA-04/05; P4 lineage,SUPPORTED,No learned bins or global statistics.
intake_budget_bounds_consistent,T1_A_INTAKE_DERIVED,leads,search_modality|min/max budgets,Whether observed applicable min/max bounds are ordered,T0|T1|T2,leads.created_at,deterministic; applicability-aware,false,false,LOW,LEAD_QUALITY,EDA-04/05; P4 lineage,SUPPORTED,No learned bins or global statistics.
intake_geography_specificity,T1_A_INTAKE_DERIVED,leads,preferred_state|preferred_municipality|preferred_corridor,Count of stated geographic levels,T0|T1|T2,leads.created_at,deterministic; applicability-aware,false,false,LOW,LEAD_QUALITY,EDA-04/05; P4 lineage,SUPPORTED,No learned bins or global statistics.
intake_constraint_count,T1_A_INTAKE_DERIVED,leads,lead intake need fields,Count of stated applicable constraints,T0|T1|T2,leads.created_at,deterministic; applicability-aware,false,false,LOW,LEAD_QUALITY,EDA-04/05; P4 lineage,SUPPORTED,No learned bins or global statistics.
intake_completeness_rate,T1_A_INTAKE_DERIVED,leads,lead intake need fields,Applicability-aware intake completeness,T0|T1|T2,leads.created_at,deterministic; applicability-aware,false,false,LOW,LEAD_QUALITY,EDA-04/05; P4 lineage,SUPPORTED,No learned bins or global statistics.
log1p_target_area_sqm,T1_A_INTAKE_DERIVED,leads,target_area_sqm,Log transform for heavy-tailed target area,T0|T1|T2,leads.created_at,deterministic; applicability-aware,false,false,LOW,LEAD_QUALITY,EDA-04/05; P4 lineage,SUPPORTED,No learned bins or global statistics.
prior_searches,AUDIT_LEGACY_COUNTERS,leads,prior_searches,Delivered historical search counter,T0|T1|T2,UNPROVEN at leads.created_at,raw audit only,false,false,HIGH_UNPROVEN_AGGREGATE,AUDIT_ONLY,P1 temporal ontology,REJECTED,Not promoted without proof aggregate was frozen before intake.
prior_inquiries,AUDIT_LEGACY_COUNTERS,leads,prior_inquiries,Delivered historical inquiry counter,T0|T1|T2,UNPROVEN at leads.created_at,raw audit only,false,false,HIGH_UNPROVEN_AGGREGATE,AUDIT_ONLY,P1 temporal ontology,REJECTED,Not promoted without proof aggregate was frozen before intake.
has_converted_before,AUDIT_LEGACY_COUNTERS,leads,has_converted_before,Delivered historical conversion flag,T0|T1|T2,UNPROVEN at leads.created_at,raw audit only,false,false,HIGH_UNPROVEN_AGGREGATE,AUDIT_ONLY,P1 temporal ontology,REJECTED,Not promoted without proof aggregate was frozen before intake.
first_inquiry_lag_days,AUDIT_CLOCK,leads|inquiries,created_at|inquiry_at,Elapsed time from lead creation to first inquiry,T1,T1 score_time,score_time - lead.created_at,false,false,MEDIUM_CLOCK_DRIFT,AUDIT_ONLY,DRIFT-06,EXPERIMENTAL,Observable but excluded from core because process/clock drift is material.
channel,T1_B_CURRENT_INQUIRY,inquiries,channel,Current inquiry channel,T1|T2,current inquiry.inquiry_at,raw current request payload,false,false,LOW,LEAD_QUALITY,P4 current-inquiry observability,REQUIRED,Known before broker response.
message_length,T1_B_CURRENT_INQUIRY,inquiries,message_length,Current message length,T1|T2,current inquiry.inquiry_at,raw current request payload,false,false,LOW,LEAD_QUALITY,P4 current-inquiry observability,REQUIRED,Known before broker response.
requested_area_sqm,T1_B_CURRENT_INQUIRY,inquiries,requested_area_sqm,Current requested area,T1|T2,current inquiry.inquiry_at,raw current request payload,false,false,LOW,LEAD_QUALITY,P4 current-inquiry observability,REQUIRED,Known before broker response.
requested_budget_mxn_rent_monthly,T1_B_CURRENT_INQUIRY,inquiries,requested_budget_mxn_rent_monthly,Current rent budget,T1|T2,current inquiry.inquiry_at,raw current request payload,false,false,LOW,LEAD_QUALITY,P4 current-inquiry observability,REQUIRED,Known before broker response.
requested_budget_mxn_sale_total,T1_B_CURRENT_INQUIRY,inquiries,requested_budget_mxn_sale_total,Current sale budget,T1|T2,current inquiry.inquiry_at,raw current request payload,false,false,LOW,LEAD_QUALITY,P4 current-inquiry observability,REQUIRED,Known before broker response.
urgency_days,T1_B_CURRENT_INQUIRY,inquiries,urgency_days,Current stated urgency,T1|T2,current inquiry.inquiry_at,raw current request payload,false,false,LOW,LEAD_QUALITY,P4 current-inquiry observability,REQUIRED,Known before broker response.
asked_visit,T1_B_CURRENT_INQUIRY,inquiries,asked_visit,Current explicit visit intent,T1|T2,current inquiry.inquiry_at,raw current request payload,false,false,LOW,LEAD_QUALITY,P4 current-inquiry observability,REQUIRED,Pre-register WITH vs WITHOUT asked_visit.
urgency_not_stated,T1_B_INQUIRY_DERIVED,leads|inquiries,urgency_days,Explicit missing/not-stated urgency flag,T1|T2,current inquiry.inquiry_at,deterministic; no learned statistics,false,false,LOW,LEAD_QUALITY,EDA-04/05,SUPPORTED,Missingness is explicit; no zero-fill semantics.
inquiry_rent_budget_state,T1_B_INQUIRY_DERIVED,leads|inquiries,search_modality|requested_budget_mxn_rent_monthly,Applicability-aware rent budget state,T1|T2,current inquiry.inquiry_at,deterministic; no learned statistics,false,false,LOW,LEAD_QUALITY,EDA-04/05,SUPPORTED,Missingness is explicit; no zero-fill semantics.
inquiry_sale_budget_state,T1_B_INQUIRY_DERIVED,leads|inquiries,search_modality|requested_budget_mxn_sale_total,Applicability-aware sale budget state,T1|T2,current inquiry.inquiry_at,deterministic; no learned statistics,false,false,LOW,LEAD_QUALITY,EDA-04/05,SUPPORTED,Missingness is explicit; no zero-fill semantics.
inquiry_completeness_rate,T1_B_INQUIRY_DERIVED,leads|inquiries,current inquiry payload + search_modality,Applicability-aware inquiry completeness,T1|T2,current inquiry.inquiry_at,deterministic; no learned statistics,false,false,LOW,LEAD_QUALITY,EDA-04/05,SUPPORTED,Missingness is explicit; no zero-fill semantics.
log1p_message_length,T1_B_INQUIRY_DERIVED,leads|inquiries,message_length,Log transform of message length,T1|T2,current inquiry.inquiry_at,deterministic; no learned statistics,false,false,LOW,LEAD_QUALITY,EDA-04/05,SUPPORTED,Missingness is explicit; no zero-fill semantics.
log1p_requested_area_sqm,T1_B_INQUIRY_DERIVED,leads|inquiries,requested_area_sqm,Log transform of requested area,T1|T2,current inquiry.inquiry_at,deterministic; no learned statistics,false,false,LOW,LEAD_QUALITY,EDA-04/05,SUPPORTED,Missingness is explicit; no zero-fill semantics.
requested_to_target_area_ratio,T1_C_REFINEMENT,leads|inquiries,requested_area_sqm|target_area_sqm,T1 requested area divided by intake target,T1,current inquiry.inquiry_at,deterministic comparison of T0 intake to T1 payload,false,false,LOW,LEAD_QUALITY,EDA-04 and prompt P5-6 preregistration,SUPPORTED,No broker response and no selected Spot.
requested_target_area_gap_abs,T1_C_REFINEMENT,leads|inquiries,requested_area_sqm|target_area_sqm,Absolute area refinement gap,T1,current inquiry.inquiry_at,deterministic comparison of T0 intake to T1 payload,false,false,LOW,LEAD_QUALITY,EDA-04 and prompt P5-6 preregistration,SUPPORTED,No broker response and no selected Spot.
requested_target_area_gap_log1p,T1_C_REFINEMENT,leads|inquiries,requested_area_sqm|target_area_sqm,log1p absolute area gap,T1,current inquiry.inquiry_at,deterministic comparison of T0 intake to T1 payload,false,false,LOW,LEAD_QUALITY,EDA-04 and prompt P5-6 preregistration,SUPPORTED,No broker response and no selected Spot.
requested_area_direction,T1_C_REFINEMENT,leads|inquiries,requested_area_sqm|target_area_sqm,LOWER/SAME/HIGHER area refinement direction,T1,current inquiry.inquiry_at,deterministic comparison of T0 intake to T1 payload,false,false,LOW,LEAD_QUALITY,EDA-04 and prompt P5-6 preregistration,SUPPORTED,No broker response and no selected Spot.
rent_requested_within_intake_interval,T1_C_REFINEMENT,leads|inquiries,requested_budget_mxn_rent_monthly|min/max_budget_mxn_rent_monthly|search_modality,Whether current rent request lies inside intake interval,T1,current inquiry.inquiry_at,deterministic comparison of T0 intake to T1 payload,false,false,LOW,LEAD_QUALITY,EDA-04 and prompt P5-6 preregistration,SUPPORTED,No broker response and no selected Spot.
sale_requested_within_intake_interval,T1_C_REFINEMENT,leads|inquiries,requested_budget_mxn_sale_total|min/max_budget_mxn_sale_total|search_modality,Whether current sale request lies inside intake interval,T1,current inquiry.inquiry_at,deterministic comparison of T0 intake to T1 payload,false,false,LOW,LEAD_QUALITY,EDA-04 and prompt P5-6 preregistration,SUPPORTED,No broker response and no selected Spot.
rent_budget_refinement_ratio,T1_C_REFINEMENT,leads|inquiries,requested_budget_mxn_rent_monthly|intake rent midpoint,Current rent request / intake midpoint,T1,current inquiry.inquiry_at,deterministic comparison of T0 intake to T1 payload,false,false,LOW,LEAD_QUALITY,EDA-04 and prompt P5-6 preregistration,SUPPORTED,No broker response and no selected Spot.
sale_budget_refinement_ratio,T1_C_REFINEMENT,leads|inquiries,requested_budget_mxn_sale_total|intake sale midpoint,Current sale request / intake midpoint,T1,current inquiry.inquiry_at,deterministic comparison of T0 intake to T1 payload,false,false,LOW,LEAD_QUALITY,EDA-04 and prompt P5-6 preregistration,SUPPORTED,No broker response and no selected Spot.
rent_budget_interval_distance,T1_C_REFINEMENT,leads|inquiries,requested_budget_mxn_rent_monthly|min/max_budget_mxn_rent_monthly,Normalized distance outside intake rent interval; zero inside,T1,current inquiry.inquiry_at,deterministic comparison of T0 intake to T1 payload,false,false,LOW,LEAD_QUALITY,EDA-04 and prompt P5-6 preregistration,SUPPORTED,No broker response and no selected Spot.
sale_budget_interval_distance,T1_C_REFINEMENT,leads|inquiries,requested_budget_mxn_sale_total|min/max_budget_mxn_sale_total,Normalized distance outside intake sale interval; zero inside,T1,current inquiry.inquiry_at,deterministic comparison of T0 intake to T1 payload,false,false,LOW,LEAD_QUALITY,EDA-04 and prompt P5-6 preregistration,SUPPORTED,No broker response and no selected Spot.
budget_modality_consistent,T1_C_REFINEMENT,leads|inquiries,search_modality|requested rent/sale budgets,Whether current budget fields respect applicability,T1,current inquiry.inquiry_at,deterministic comparison of T0 intake to T1 payload,false,false,LOW,LEAD_QUALITY,EDA-04 and prompt P5-6 preregistration,SUPPORTED,No broker response and no selected Spot.
completeness_delta_t1_t0,T1_C_REFINEMENT,leads|inquiries,intake_completeness_rate|inquiry_completeness_rate,Change in stated-constraint completeness,T1,current inquiry.inquiry_at,deterministic comparison of T0 intake to T1 payload,false,false,LOW,LEAD_QUALITY,EDA-04 and prompt P5-6 preregistration,SUPPORTED,No broker response and no selected Spot.
need_change_count,T1_C_REFINEMENT,leads|inquiries,area and applicable budget refinements,Number of material T0→T1 need changes,T1,current inquiry.inquiry_at,deterministic comparison of T0 intake to T1 payload,false,false,LOW,LEAD_QUALITY,EDA-04 and prompt P5-6 preregistration,SUPPORTED,No broker response and no selected Spot.
geographic_refinement,T1_C_REFINEMENT,inquiries,NO CURRENT INQUIRY GEOGRAPHY FIELD,Current inquiry geographic refinement,T1,NOT OBSERVABLE,not constructed,false,false,HIGH_NOT_OBSERVED,LEAD_QUALITY,Raw schema audit,REJECTED,"Would require selected Spot geography, which belongs to Matching, not core LeadQuality."
t2_prior_inquiry_count,T2_TRAJECTORY,inquiries,strict-prior inquiry request/event payload only,Number of strict-prior inquiries,T2,strictly before current score_time; current payload only where named,streaming/shift-before-aggregation deterministic trajectory,false,false,LOW_TO_MEDIUM,LEAD_QUALITY,D035 inherited hypothesis only; P4 strict history gate,SUPPORTED,Implemented with history state read before current event is appended.
t2_time_since_previous_inquiry_days,T2_TRAJECTORY,inquiries,strict-prior inquiry request/event payload only,Elapsed time since immediately prior inquiry,T2,strictly before current score_time; current payload only where named,streaming/shift-before-aggregation deterministic trajectory,false,false,LOW_TO_MEDIUM,LEAD_QUALITY,D035 inherited hypothesis only; P4 strict history gate,SUPPORTED,Implemented with history state read before current event is appended.
t2_hist_gap_mean_days,T2_TRAJECTORY,inquiries,strict-prior inquiry request/event payload only,Mean gaps among strict-prior inquiry events,T2,strictly before current score_time; current payload only where named,streaming/shift-before-aggregation deterministic trajectory,false,false,LOW_TO_MEDIUM,LEAD_QUALITY,D035 inherited hypothesis only; P4 strict history gate,SUPPORTED,Implemented with history state read before current event is appended.
t2_hist_gap_median_days,T2_TRAJECTORY,inquiries,strict-prior inquiry request/event payload only,Median gaps among strict-prior inquiry events,T2,strictly before current score_time; current payload only where named,streaming/shift-before-aggregation deterministic trajectory,false,false,LOW_TO_MEDIUM,LEAD_QUALITY,D035 inherited hypothesis only; P4 strict history gate,SUPPORTED,Implemented with history state read before current event is appended.
t2_inquiry_velocity_30d,T2_TRAJECTORY,inquiries,strict-prior inquiry request/event payload only,Strict-prior inquiry count in trailing 30d divided by 30,T2,strictly before current score_time; current payload only where named,streaming/shift-before-aggregation deterministic trajectory,false,false,LOW_TO_MEDIUM,LEAD_QUALITY,D035 inherited hypothesis only; P4 strict history gate,SUPPORTED,Implemented with history state read before current event is appended.
t2_prior_unique_channels,T2_TRAJECTORY,inquiries,strict-prior inquiry request/event payload only,Unique strict-prior channels,T2,strictly before current score_time; current payload only where named,streaming/shift-before-aggregation deterministic trajectory,false,false,LOW_TO_MEDIUM,LEAD_QUALITY,D035 inherited hypothesis only; P4 strict history gate,SUPPORTED,Implemented with history state read before current event is appended.
t2_prior_same_channel_rate,T2_TRAJECTORY,inquiries,strict-prior inquiry request/event payload only,Share of strict-prior inquiries using current channel,T2,strictly before current score_time; current payload only where named,streaming/shift-before-aggregation deterministic trajectory,false,false,LOW_TO_MEDIUM,LEAD_QUALITY,D035 inherited hypothesis only; P4 strict history gate,SUPPORTED,Implemented with history state read before current event is appended.
t2_hist_area_last,T2_TRAJECTORY,inquiries,strict-prior inquiry request/event payload only,Last strict-prior requested area,T2,strictly before current score_time; current payload only where named,streaming/shift-before-aggregation deterministic trajectory,false,false,LOW_TO_MEDIUM,LEAD_QUALITY,D035 inherited hypothesis only; P4 strict history gate,SUPPORTED,Implemented with history state read before current event is appended.
t2_hist_area_mean,T2_TRAJECTORY,inquiries,strict-prior inquiry request/event payload only,Mean strict-prior requested area,T2,strictly before current score_time; current payload only where named,streaming/shift-before-aggregation deterministic trajectory,false,false,LOW_TO_MEDIUM,LEAD_QUALITY,D035 inherited hypothesis only; P4 strict history gate,SUPPORTED,Implemented with history state read before current event is appended.
t2_hist_area_std,T2_TRAJECTORY,inquiries,strict-prior inquiry request/event payload only,Std strict-prior requested area,T2,strictly before current score_time; current payload only where named,streaming/shift-before-aggregation deterministic trajectory,false,false,LOW_TO_MEDIUM,LEAD_QUALITY,D035 inherited hypothesis only; P4 strict history gate,SUPPORTED,Implemented with history state read before current event is appended.
t2_hist_area_trend_per_step,T2_TRAJECTORY,inquiries,strict-prior inquiry request/event payload only,Prior requested-area first-to-last trend per step,T2,strictly before current score_time; current payload only where named,streaming/shift-before-aggregation deterministic trajectory,false,false,LOW_TO_MEDIUM,LEAD_QUALITY,D035 inherited hypothesis only; P4 strict history gate,SUPPORTED,Implemented with history state read before current event is appended.
t2_current_to_hist_area_ratio,T2_TRAJECTORY,inquiries,strict-prior inquiry request/event payload only,Current requested area / strict-prior mean,T2,strictly before current score_time; current payload only where named,streaming/shift-before-aggregation deterministic trajectory,false,false,LOW_TO_MEDIUM,LEAD_QUALITY,D035 inherited hypothesis only; P4 strict history gate,SUPPORTED,Implemented with history state read before current event is appended.
t2_hist_rent_budget_last,T2_TRAJECTORY,inquiries,strict-prior inquiry request/event payload only,Last strict-prior rent budget,T2,strictly before current score_time; current payload only where named,streaming/shift-before-aggregation deterministic trajectory,false,false,LOW_TO_MEDIUM,LEAD_QUALITY,D035 inherited hypothesis only; P4 strict history gate,SUPPORTED,Implemented with history state read before current event is appended.
t2_hist_rent_budget_mean,T2_TRAJECTORY,inquiries,strict-prior inquiry request/event payload only,Mean strict-prior rent budget,T2,strictly before current score_time; current payload only where named,streaming/shift-before-aggregation deterministic trajectory,false,false,LOW_TO_MEDIUM,LEAD_QUALITY,D035 inherited hypothesis only; P4 strict history gate,SUPPORTED,Implemented with history state read before current event is appended.
t2_hist_rent_budget_std,T2_TRAJECTORY,inquiries,strict-prior inquiry request/event payload only,Std strict-prior rent budget,T2,strictly before current score_time; current payload only where named,streaming/shift-before-aggregation deterministic trajectory,false,false,LOW_TO_MEDIUM,LEAD_QUALITY,D035 inherited hypothesis only; P4 strict history gate,SUPPORTED,Implemented with history state read before current event is appended.
t2_hist_rent_budget_trend_per_step,T2_TRAJECTORY,inquiries,strict-prior inquiry request/event payload only,Prior rent-budget trend per step,T2,strictly before current score_time; current payload only where named,streaming/shift-before-aggregation deterministic trajectory,false,false,LOW_TO_MEDIUM,LEAD_QUALITY,D035 inherited hypothesis only; P4 strict history gate,SUPPORTED,Implemented with history state read before current event is appended.
t2_current_to_hist_rent_budget_ratio,T2_TRAJECTORY,inquiries,strict-prior inquiry request/event payload only,Current rent budget / strict-prior mean,T2,strictly before current score_time; current payload only where named,streaming/shift-before-aggregation deterministic trajectory,false,false,LOW_TO_MEDIUM,LEAD_QUALITY,D035 inherited hypothesis only; P4 strict history gate,SUPPORTED,Implemented with history state read before current event is appended.
t2_hist_sale_budget_last,T2_TRAJECTORY,inquiries,strict-prior inquiry request/event payload only,Last strict-prior sale budget,T2,strictly before current score_time; current payload only where named,streaming/shift-before-aggregation deterministic trajectory,false,false,LOW_TO_MEDIUM,LEAD_QUALITY,D035 inherited hypothesis only; P4 strict history gate,SUPPORTED,Implemented with history state read before current event is appended.
t2_hist_sale_budget_mean,T2_TRAJECTORY,inquiries,strict-prior inquiry request/event payload only,Mean strict-prior sale budget,T2,strictly before current score_time; current payload only where named,streaming/shift-before-aggregation deterministic trajectory,false,false,LOW_TO_MEDIUM,LEAD_QUALITY,D035 inherited hypothesis only; P4 strict history gate,SUPPORTED,Implemented with history state read before current event is appended.
t2_hist_sale_budget_std,T2_TRAJECTORY,inquiries,strict-prior inquiry request/event payload only,Std strict-prior sale budget,T2,strictly before current score_time; current payload only where named,streaming/shift-before-aggregation deterministic trajectory,false,false,LOW_TO_MEDIUM,LEAD_QUALITY,D035 inherited hypothesis only; P4 strict history gate,SUPPORTED,Implemented with history state read before current event is appended.
t2_hist_sale_budget_trend_per_step,T2_TRAJECTORY,inquiries,strict-prior inquiry request/event payload only,Prior sale-budget trend per step,T2,strictly before current score_time; current payload only where named,streaming/shift-before-aggregation deterministic trajectory,false,false,LOW_TO_MEDIUM,LEAD_QUALITY,D035 inherited hypothesis only; P4 strict history gate,SUPPORTED,Implemented with history state read before current event is appended.
t2_current_to_hist_sale_budget_ratio,T2_TRAJECTORY,inquiries,strict-prior inquiry request/event payload only,Current sale budget / strict-prior mean,T2,strictly before current score_time; current payload only where named,streaming/shift-before-aggregation deterministic trajectory,false,false,LOW_TO_MEDIUM,LEAD_QUALITY,D035 inherited hypothesis only; P4 strict history gate,SUPPORTED,Implemented with history state read before current event is appended.
t2_hist_urgency_last,T2_TRAJECTORY,inquiries,strict-prior inquiry request/event payload only,Last strict-prior urgency,T2,strictly before current score_time; current payload only where named,streaming/shift-before-aggregation deterministic trajectory,false,false,LOW_TO_MEDIUM,LEAD_QUALITY,D035 inherited hypothesis only; P4 strict history gate,SUPPORTED,Implemented with history state read before current event is appended.
t2_hist_urgency_mean,T2_TRAJECTORY,inquiries,strict-prior inquiry request/event payload only,Mean strict-prior urgency,T2,strictly before current score_time; current payload only where named,streaming/shift-before-aggregation deterministic trajectory,false,false,LOW_TO_MEDIUM,LEAD_QUALITY,D035 inherited hypothesis only; P4 strict history gate,SUPPORTED,Implemented with history state read before current event is appended.
t2_hist_urgency_std,T2_TRAJECTORY,inquiries,strict-prior inquiry request/event payload only,Std strict-prior urgency,T2,strictly before current score_time; current payload only where named,streaming/shift-before-aggregation deterministic trajectory,false,false,LOW_TO_MEDIUM,LEAD_QUALITY,D035 inherited hypothesis only; P4 strict history gate,SUPPORTED,Implemented with history state read before current event is appended.
t2_hist_urgency_trend_per_step,T2_TRAJECTORY,inquiries,strict-prior inquiry request/event payload only,Prior urgency trend per step,T2,strictly before current score_time; current payload only where named,streaming/shift-before-aggregation deterministic trajectory,false,false,LOW_TO_MEDIUM,LEAD_QUALITY,D035 inherited hypothesis only; P4 strict history gate,SUPPORTED,Implemented with history state read before current event is appended.
t2_current_vs_hist_urgency_delta,T2_TRAJECTORY,inquiries,strict-prior inquiry request/event payload only,Current urgency minus strict-prior mean,T2,strictly before current score_time; current payload only where named,streaming/shift-before-aggregation deterministic trajectory,false,false,LOW_TO_MEDIUM,LEAD_QUALITY,D035 inherited hypothesis only; P4 strict history gate,SUPPORTED,Implemented with history state read before current event is appended.
t2_prior_unique_spots,T2_TRAJECTORY,inquiries,strict-prior inquiry request/event payload only,Unique strict-prior Spot references,T2,strictly before current score_time; current payload only where named,streaming/shift-before-aggregation deterministic trajectory,false,false,LOW_TO_MEDIUM,LEAD_QUALITY,D035 inherited hypothesis only; P4 strict history gate,SUPPORTED,Implemented with history state read before current event is appended.
t2_current_spot_prior_count,T2_TRAJECTORY,inquiries,strict-prior inquiry request/event payload only,How often current Spot was referenced strictly before score_time,T2,strictly before current score_time; current payload only where named,streaming/shift-before-aggregation deterministic trajectory,false,false,LOW_TO_MEDIUM,LEAD_QUALITY,D035 inherited hypothesis only; P4 strict history gate,SUPPORTED,Implemented with history state read before current event is appended.
t2_current_spot_revisit_flag,T2_TRAJECTORY,inquiries,strict-prior inquiry request/event payload only,Whether current Spot was seen strictly before score_time,T2,strictly before current score_time; current payload only where named,streaming/shift-before-aggregation deterministic trajectory,false,false,LOW_TO_MEDIUM,LEAD_QUALITY,D035 inherited hypothesis only; P4 strict history gate,SUPPORTED,Implemented with history state read before current event is appended.
t2_hist_constraint_count_mean,T2_TRAJECTORY,inquiries,strict-prior inquiry request/event payload only,Mean strict-prior request constraint count,T2,strictly before current score_time; current payload only where named,streaming/shift-before-aggregation deterministic trajectory,false,false,LOW_TO_MEDIUM,LEAD_QUALITY,D035 inherited hypothesis only; P4 strict history gate,SUPPORTED,Implemented with history state read before current event is appended.
t2_hist_constraint_count_std,T2_TRAJECTORY,inquiries,strict-prior inquiry request/event payload only,Volatility of strict-prior constraint count,T2,strictly before current score_time; current payload only where named,streaming/shift-before-aggregation deterministic trajectory,false,false,LOW_TO_MEDIUM,LEAD_QUALITY,D035 inherited hypothesis only; P4 strict history gate,SUPPORTED,Implemented with history state read before current event is appended.
t2_current_vs_hist_constraint_delta,T2_TRAJECTORY,inquiries,strict-prior inquiry request/event payload only,Current request constraint count minus strict-prior mean,T2,strictly before current score_time; current payload only where named,streaming/shift-before-aggregation deterministic trajectory,false,false,LOW_TO_MEDIUM,LEAD_QUALITY,D035 inherited hypothesis only; P4 strict history gate,SUPPORTED,Implemented with history state read before current event is appended.
requested_to_spot_area_ratio,MATCHING_INVENTORY,leads|inquiries|spots|availability_snapshot,requested_area_sqm|candidate spot area,Requested/candidate area ratio,T0|T1|T2,score_time under P4 as-of/Spot-existence rules,deterministic candidate/inventory transform,false,false,MEDIUM_SEPARATE_BLOCK,MATCHING,P4 ABT_CONTRACT; EDA-07/08,SUPPORTED,Matching only.
candidate_area_gap_sqm,MATCHING_INVENTORY,leads|inquiries|spots|availability_snapshot,requested_area_sqm|candidate spot area,Absolute candidate area gap,T0|T1|T2,score_time under P4 as-of/Spot-existence rules,deterministic candidate/inventory transform,false,false,MEDIUM_SEPARATE_BLOCK,MATCHING,P4 ABT_CONTRACT; EDA-07/08,SUPPORTED,Matching only.
candidate_modality_compatible,MATCHING_INVENTORY,leads|inquiries|spots|availability_snapshot,search_modality|spot modality,Need/Spot modality compatibility,T0|T1|T2,score_time under P4 as-of/Spot-existence rules,deterministic candidate/inventory transform,false,false,MEDIUM_SEPARATE_BLOCK,MATCHING,P4 ABT_CONTRACT; EDA-07/08,REQUIRED,Policy/matching.
candidate_sector_compatible,MATCHING_INVENTORY,leads|inquiries|spots|availability_snapshot,search_sector|spot sector,Need/Spot sector compatibility,T0|T1|T2,score_time under P4 as-of/Spot-existence rules,deterministic candidate/inventory transform,false,false,MEDIUM_SEPARATE_BLOCK,MATCHING,P4 ABT_CONTRACT; EDA-07/08,REQUIRED,Policy/matching.
preferred_municipality_match,MATCHING_INVENTORY,leads|inquiries|spots|availability_snapshot,preferred_municipality|spot municipality,Exact preferred municipality match,T0|T1|T2,score_time under P4 as-of/Spot-existence rules,deterministic candidate/inventory transform,false,false,MEDIUM_SEPARATE_BLOCK,MATCHING,P4 ABT_CONTRACT; EDA-07/08,SUPPORTED,Matching.
preferred_corridor_match,MATCHING_INVENTORY,leads|inquiries|spots|availability_snapshot,preferred_corridor|spot corridor,Exact preferred corridor match,T0|T1|T2,score_time under P4 as-of/Spot-existence rules,deterministic candidate/inventory transform,false,false,MEDIUM_SEPARATE_BLOCK,MATCHING,P4 ABT_CONTRACT; EDA-07/08,SUPPORTED,Matching.
geographic_relaxation_level,MATCHING_INVENTORY,leads|inquiries|spots|availability_snapshot,candidate fallback tier,Corridor/municipality/state/override relaxation,T0|T1|T2,score_time under P4 as-of/Spot-existence rules,deterministic candidate/inventory transform,false,false,MEDIUM_SEPARATE_BLOCK,MATCHING,P4 ABT_CONTRACT; EDA-07/08,REQUIRED,Matching/fallback.
physical_space_compatibility,MATCHING_INVENTORY,leads|inquiries|spots|availability_snapshot,requested_area_sqm|spot area,Area-based physical fit flag; no invented amenity preferences,T0|T1|T2,score_time under P4 as-of/Spot-existence rules,deterministic candidate/inventory transform,false,false,MEDIUM_SEPARATE_BLOCK,MATCHING,P4 ABT_CONTRACT; EDA-07/08,SUPPORTED,Only defensible physical compatibility given raw demand fields.
availability_known,MATCHING_INVENTORY,leads|inquiries|spots|availability_snapshot,availability snapshot,Whether backward snapshot exists,T0|T1|T2,score_time under P4 as-of/Spot-existence rules,deterministic candidate/inventory transform,false,false,MEDIUM_SEPARATE_BLOCK,INVENTORY,P4 ABT_CONTRACT; EDA-07/08,REQUIRED,Inventory.
is_available_asof,MATCHING_INVENTORY,leads|inquiries|spots|availability_snapshot,availability snapshot,Backward-as-of availability state,T0|T1|T2,score_time under P4 as-of/Spot-existence rules,deterministic candidate/inventory transform,false,false,MEDIUM_SEPARATE_BLOCK,MATCHING,P4 ABT_CONTRACT; EDA-07/08,REQUIRED,Inventory.
snapshot_age_days,MATCHING_INVENTORY,leads|inquiries|spots|availability_snapshot,snapshot_date|score_time,Age of backward Availability snapshot,T0|T1|T2,score_time under P4 as-of/Spot-existence rules,deterministic candidate/inventory transform,false,false,MEDIUM_SEPARATE_BLOCK,INVENTORY,P4 ABT_CONTRACT; EDA-07/08,REQUIRED,Inventory freshness.
freshness_bucket,MATCHING_INVENTORY,leads|inquiries|spots|availability_snapshot,snapshot_age_days,Deterministic freshness band,T0|T1|T2,score_time under P4 as-of/Spot-existence rules,deterministic candidate/inventory transform,false,false,MEDIUM_SEPARATE_BLOCK,INVENTORY,P4 ABT_CONTRACT; EDA-07/08,SUPPORTED,Inventory.
inventory_candidate_count,MATCHING_INVENTORY,leads|inquiries|spots|availability_snapshot,candidate universe,PIT candidate depth for score,T0|T1|T2,score_time under P4 as-of/Spot-existence rules,deterministic candidate/inventory transform,false,false,MEDIUM_SEPARATE_BLOCK,INVENTORY,P4 ABT_CONTRACT; EDA-07/08,SUPPORTED,Inventory/fallback.
selected_spot_area_ratio,T1_E_SELECTED_SPOT_CHALLENGER,inventory_candidates observed-current row,safe structural/immutable/as-of selected-Spot context,Explicit selected-Spot challenger only,T1,current inquiry score_time with Spot existence + backward Availability gates,filter observed current candidate and derive safe context,false,false,MEDIUM_CONTEXT_SEPARATION,MATCHING,Ablation E pre-registered,EXPERIMENTAL,Never part of core LeadQuality; only Ablation E.
selected_spot_area_gap_sqm,T1_E_SELECTED_SPOT_CHALLENGER,inventory_candidates observed-current row,safe structural/immutable/as-of selected-Spot context,Explicit selected-Spot challenger only,T1,current inquiry score_time with Spot existence + backward Availability gates,filter observed current candidate and derive safe context,false,false,MEDIUM_CONTEXT_SEPARATION,MATCHING,Ablation E pre-registered,EXPERIMENTAL,Never part of core LeadQuality; only Ablation E.
selected_spot_modality_compatible,T1_E_SELECTED_SPOT_CHALLENGER,inventory_candidates observed-current row,safe structural/immutable/as-of selected-Spot context,Explicit selected-Spot challenger only,T1,current inquiry score_time with Spot existence + backward Availability gates,filter observed current candidate and derive safe context,false,false,MEDIUM_CONTEXT_SEPARATION,MATCHING,Ablation E pre-registered,EXPERIMENTAL,Never part of core LeadQuality; only Ablation E.
selected_spot_sector_compatible,T1_E_SELECTED_SPOT_CHALLENGER,inventory_candidates observed-current row,safe structural/immutable/as-of selected-Spot context,Explicit selected-Spot challenger only,T1,current inquiry score_time with Spot existence + backward Availability gates,filter observed current candidate and derive safe context,false,false,MEDIUM_CONTEXT_SEPARATION,MATCHING,Ablation E pre-registered,EXPERIMENTAL,Never part of core LeadQuality; only Ablation E.
selected_spot_preferred_municipality_match,T1_E_SELECTED_SPOT_CHALLENGER,inventory_candidates observed-current row,safe structural/immutable/as-of selected-Spot context,Explicit selected-Spot challenger only,T1,current inquiry score_time with Spot existence + backward Availability gates,filter observed current candidate and derive safe context,false,false,MEDIUM_CONTEXT_SEPARATION,MATCHING,Ablation E pre-registered,EXPERIMENTAL,Never part of core LeadQuality; only Ablation E.
selected_spot_preferred_corridor_match,T1_E_SELECTED_SPOT_CHALLENGER,inventory_candidates observed-current row,safe structural/immutable/as-of selected-Spot context,Explicit selected-Spot challenger only,T1,current inquiry score_time with Spot existence + backward Availability gates,filter observed current candidate and derive safe context,false,false,MEDIUM_CONTEXT_SEPARATION,MATCHING,Ablation E pre-registered,EXPERIMENTAL,Never part of core LeadQuality; only Ablation E.
selected_spot_availability_known,T1_E_SELECTED_SPOT_CHALLENGER,inventory_candidates observed-current row,safe structural/immutable/as-of selected-Spot context,Explicit selected-Spot challenger only,T1,current inquiry score_time with Spot existence + backward Availability gates,filter observed current candidate and derive safe context,false,false,MEDIUM_CONTEXT_SEPARATION,MATCHING,Ablation E pre-registered,EXPERIMENTAL,Never part of core LeadQuality; only Ablation E.
selected_spot_is_available_asof,T1_E_SELECTED_SPOT_CHALLENGER,inventory_candidates observed-current row,safe structural/immutable/as-of selected-Spot context,Explicit selected-Spot challenger only,T1,current inquiry score_time with Spot existence + backward Availability gates,filter observed current candidate and derive safe context,false,false,MEDIUM_CONTEXT_SEPARATION,MATCHING,Ablation E pre-registered,EXPERIMENTAL,Never part of core LeadQuality; only Ablation E.
selected_spot_snapshot_age_days,T1_E_SELECTED_SPOT_CHALLENGER,inventory_candidates observed-current row,safe structural/immutable/as-of selected-Spot context,Explicit selected-Spot challenger only,T1,current inquiry score_time with Spot existence + backward Availability gates,filter observed current candidate and derive safe context,false,false,MEDIUM_CONTEXT_SEPARATION,MATCHING,Ablation E pre-registered,EXPERIMENTAL,Never part of core LeadQuality; only Ablation E.
selected_spot_physical_attribute_completeness,T1_E_SELECTED_SPOT_CHALLENGER,inventory_candidates observed-current row,safe structural/immutable/as-of selected-Spot context,Explicit selected-Spot challenger only,T1,current inquiry score_time with Spot existence + backward Availability gates,filter observed current candidate and derive safe context,false,false,MEDIUM_CONTEXT_SEPARATION,MATCHING,Ablation E pre-registered,EXPERIMENTAL,Never part of core LeadQuality; only Ablation E.
budget_to_price_compatibility,MATCHING_INVENTORY,spots,unversioned Spot prices + lead/inquiry budget,Budget compatibility to Spot price,T1|T2,NOT HISTORICALLY RECONSTRUCTIBLE,not constructed,false,false,CRITICAL_UNVERSIONED_PRICE,MATCHING,P4 forbidden-feature policy,REJECTED,"Prompt requests conceptually, but frozen temporal contract blocks price fields."
search_need_cluster,CLUSTER_PROFILE,train-fold features,registered profile-specific inputs,Interpretive profile ID,T1|T2,after fold TRAIN fit,fit clusterer on TRAIN only; transform validation,true,true,MEDIUM_FIT_LEAKAGE,AUDIT_ONLY,Historical cluster evidence is hypothesis only,EXPERIMENTAL,Not included in pre-registered T1 ablations; may support segment/matching analysis.
dynamic_need_cluster,CLUSTER_PROFILE,train-fold features,registered profile-specific inputs,Interpretive profile ID,T1|T2,after fold TRAIN fit,fit clusterer on TRAIN only; transform validation,true,true,MEDIUM_FIT_LEAKAGE,AUDIT_ONLY,Historical cluster evidence is hypothesis only,EXPERIMENTAL,Not included in pre-registered T1 ablations; may support segment/matching analysis.
physical_cluster,CLUSTER_PROFILE,train-fold features,registered profile-specific inputs,Interpretive profile ID,T1|T2,after fold TRAIN fit,fit clusterer on TRAIN only; transform validation,true,true,MEDIUM_FIT_LEAKAGE,AUDIT_ONLY,Historical cluster evidence is hypothesis only,EXPERIMENTAL,Not included in pre-registered T1 ablations; may support segment/matching analysis.
location_cluster,CLUSTER_PROFILE,train-fold features,registered profile-specific inputs,Interpretive profile ID,T1|T2,after fold TRAIN fit,fit clusterer on TRAIN only; transform validation,true,true,MEDIUM_FIT_LEAKAGE,AUDIT_ONLY,Historical cluster evidence is hypothesis only,EXPERIMENTAL,Not included in pre-registered T1 ablations; may support segment/matching analysis.
broker_service_cluster,CLUSTER_PROFILE,broker/history,unproven temporally observable broker-service inputs,Broker Service profile,T1|T2,UNPROVEN,not promoted,true,true,HIGH_TEMPORAL,AUDIT_ONLY,Prompt P5-6 Broker Service policy,REJECTED,No clean incremental/temporal proof in AssessmentSol1.
broker_supply_cluster,CLUSTER_PROFILE,historical experiment only,broker supply,Broker Supply profile,T1|T2,FORBIDDEN,not reconstructed,true,true,CRITICAL,FORBIDDEN,Prompt P5-6 explicit prohibition,REJECTED,Do not recover Broker Supply.
inquiry_intent_cluster,CLUSTER_PROFILE,historical experiment only,intent cluster,Inquiry Intent profile,T1|T2,FORBIDDEN,not reconstructed,true,true,HIGH,FORBIDDEN,Prompt P5-6 explicit prohibition,REJECTED,Do not recover Inquiry Intent.
rule_direct_conflict_flag,SEMANTIC_RULES_QA,listing copy + spot attributes,deterministic E017/E018 rules,Semantic/catalog QA sidecar,T1|T2,conditional listing-static assumption only,not added to scoring core,false,false,MEDIUM_UNVERSIONED_COPY,AUDIT_ONLY,E018 conclusion NOT_SUPPORTED; macro ΔLift@10% -0.0716,SUPPORTED,QA_ONLY. E018 failed promotion gate; no CORE+SEMANTIC_RULES ablation is registered.
rule_land_building_copy_flag,SEMANTIC_RULES_QA,listing copy + spot attributes,deterministic E017/E018 rules,Semantic/catalog QA sidecar,T1|T2,conditional listing-static assumption only,not added to scoring core,false,false,MEDIUM_UNVERSIONED_COPY,AUDIT_ONLY,E018 conclusion NOT_SUPPORTED; macro ΔLift@10% -0.0716,SUPPORTED,QA_ONLY. E018 failed promotion gate; no CORE+SEMANTIC_RULES ablation is registered.
rule_security_ambiguity_flag,SEMANTIC_RULES_QA,listing copy + spot attributes,deterministic E017/E018 rules,Semantic/catalog QA sidecar,T1|T2,conditional listing-static assumption only,not added to scoring core,false,false,MEDIUM_UNVERSIONED_COPY,AUDIT_ONLY,E018 conclusion NOT_SUPPORTED; macro ΔLift@10% -0.0716,SUPPORTED,QA_ONLY. E018 failed promotion gate; no CORE+SEMANTIC_RULES ablation is registered.
rule_retail_adaptive_use_flag,SEMANTIC_RULES_QA,listing copy + spot attributes,deterministic E017/E018 rules,Semantic/catalog QA sidecar,T1|T2,conditional listing-static assumption only,not added to scoring core,false,false,MEDIUM_UNVERSIONED_COPY,AUDIT_ONLY,E018 conclusion NOT_SUPPORTED; macro ΔLift@10% -0.0716,SUPPORTED,QA_ONLY. E018 failed promotion gate; no CORE+SEMANTIC_RULES ablation is registered.
rule_semantic_signal_count,SEMANTIC_RULES_QA,listing copy + spot attributes,deterministic E017/E018 rules,Semantic/catalog QA sidecar,T1|T2,conditional listing-static assumption only,not added to scoring core,false,false,MEDIUM_UNVERSIONED_COPY,AUDIT_ONLY,E018 conclusion NOT_SUPPORTED; macro ΔLift@10% -0.0716,SUPPORTED,QA_ONLY. E018 failed promotion gate; no CORE+SEMANTIC_RULES ablation is registered.
rule_semantic_review_tier,SEMANTIC_RULES_QA,listing copy + spot attributes,deterministic E017/E018 rules,Semantic/catalog QA sidecar,T1|T2,conditional listing-static assumption only,not added to scoring core,false,false,MEDIUM_UNVERSIONED_COPY,AUDIT_ONLY,E018 conclusion NOT_SUPPORTED; macro ΔLift@10% -0.0716,SUPPORTED,QA_ONLY. E018 failed promotion gate; no CORE+SEMANTIC_RULES ablation is registered.
llm_*,LLM,none,LLM outputs,Any LLM-generated feature,T0|T1|T2,NOT AUTHORIZED,not constructed,true,true,CRITICAL,FORBIDDEN,Prompt P5-6,REJECTED,No llm_* ABT feature in current assessment.
