model,stage,n,positive_rate,roc_auc,average_precision,brier,log_loss,lift_top_10pct,recall_top_20pct,rank_ap
validation_selected_hybrid,MACRO,2723.0,0.47638410989377555,0.5647852923779731,0.5295170650784468,0.24436569046476972,0.6821254779080945,1.1732837832297183,0.22726903435468895,1
pooled_catboost_calibrated,MACRO,2723.0,0.47638410989377555,0.5641745483028264,0.5242480759571548,0.24378268717784415,0.6807688324854951,1.1362962099350515,0.23007301426521484,2
specialist_random_forest_calibrated,MACRO,2723.0,0.47638410989377555,0.5560594247798732,0.5174759183538802,0.24519900147235976,0.6837511783818315,1.1164467181249196,0.22003166865632048,3
specialist_catboost_calibrated,MACRO,2723.0,0.47638410989377555,0.5345382337370858,0.5129751094593089,0.24607401024351983,0.6852213711720597,1.2148542960502313,0.22264241097806559,4
specialist_lightgbm_calibrated,MACRO,2723.0,0.47638410989377555,0.5480831615997609,0.5113956707444105,0.24785382768195877,0.6894318813104793,1.1105580994951678,0.22213949583378553,5
multihead_calibrated,MACRO,2723.0,0.47638410989377555,0.5329981674817652,0.5083124259581422,0.24890188780266745,0.691181491451835,1.1178214611335295,0.22053933183807836,6
separate_logistic,MACRO,2723.0,0.47638410989377555,0.5032401392763237,0.4986549063575824,0.28111970207906434,0.7683919006096976,1.101101930663999,0.21756570379481244,7
pooled_nn_calibrated,MACRO,2723.0,0.47638410989377555,0.5265692482105025,0.4967876410547623,0.24939131180322482,0.6920408194734852,1.078912332579721,0.20587354845711392,8
specialist_extra_trees_calibrated,MACRO,2723.0,0.47638410989377555,0.5124064415779528,0.4942064365696381,0.25016481404580754,0.6940496097382965,1.1017297571865052,0.20450008440955517,9
