scope;feature;tipo;transformacion;disponible_en_T1;importancia_o_coeficiente;direccion;distribucion;significado;riesgo_leakage;riesgo_causal;source_path
FINAL;industrial_small_or_paid_interaction;Derivada binaria;Industrial AND (company_size small OR source paid) luego StandardScaler;Si;0.12042669978141404;Positiva;Mature 514/4898 con 155 positivos y tasa 0.301556. Holdout 187/1711 con 67 y tasa 0.358289;Bolsillo estable promovido;Bajo si raw disponible antes de T1;No implica causalidad de sector tamaño o paid;codexway/outputs/tables/feature_importance.csv|codexway/src/spot2_codexway/features.py
RAW_PRECURSOR;search_sector;Categórica raw;One-hot en benchmark y condición Industrial en final;Si;NO LOCALIZADO EN LOS ARTEFACTOS;No aplica por separado;Mature Industrial 1220 tasa .243443, Land 764 .210732, Office 1417 .182075, Retail 1497 .190381;Sector buscado;Bajo en T1;Segmento no es efecto causal;codexway/config/feature_policy.yaml|codexway/src/spot2_codexway/features.py|codexway/outputs/tables/target_rate_by_segment.csv
RAW_PRECURSOR;company_size;Categórica raw;One-hot en benchmark y condición small en final;Si;NO LOCALIZADO EN LOS ARTEFACTOS;No aplica por separado;NO LOCALIZADO EN LOS ARTEFACTOS;Tamaño de empresa;Bajo en T1;Puede ser proxy de madurez y capacidad;codexway/config/feature_policy.yaml|codexway/src/spot2_codexway/features.py
RAW_PRECURSOR;source;Categórica raw;One-hot en benchmark y condición paid en final;Si;NO LOCALIZADO EN LOS ARTEFACTOS;No aplica por separado;Mature email 478 tasa .202929, event 252 .194444, organic 1437 .201809, paid 1221 .211302, referral 994 .192153, social 516 .224806;Fuente de adquisición;Policy feedback de campañas;No medir efecto causal sin experimento;codexway/config/feature_policy.yaml|codexway/src/spot2_codexway/features.py|codexway/outputs/tables/target_rate_by_segment.csv
CHALLENGER_ONLY;user_type;Categórica raw;Imputación most frequent más one-hot;Si;NO LOCALIZADO EN LOS ARTEFACTOS;NO LOCALIZADO EN LOS ARTEFACTOS;Mature broker 1763 tasa .200794, developer 242 .214876, investor 977 .192426, tenant_direct 1916 .212422;Tipo de usuario;Bajo si capturado antes de T1;Proxy no causal;codexway/src/spot2_codexway/features.py|codexway/src/spot2_codexway/modeling.py|codexway/outputs/tables/target_rate_by_segment.csv
CHALLENGER_ONLY;industry;Categórica raw;Imputación most frequent más one-hot;Si;NO LOCALIZADO EN LOS ARTEFACTOS;NO LOCALIZADO EN LOS ARTEFACTOS;NO LOCALIZADO EN LOS ARTEFACTOS;Industria del lead;Bajo si capturado antes de T1;Asociación sectorial no causal;codexway/src/spot2_codexway/features.py|codexway/src/spot2_codexway/modeling.py
CHALLENGER_ONLY;search_modality;Categórica raw;Imputación most frequent más one-hot;Si;NO LOCALIZADO EN LOS ARTEFACTOS;NO LOCALIZADO EN LOS ARTEFACTOS;Mature both 990 tasa .217172, rent 2443 .198526, sale 1465 .205461;Rent sale o both;Bajo;Preferencia no efecto causal;codexway/src/spot2_codexway/features.py|codexway/src/spot2_codexway/modeling.py|codexway/outputs/tables/target_rate_by_segment.csv
CHALLENGER_ONLY;preferred_state;Categórica raw;Imputación most frequent más one-hot;Si;NO LOCALIZADO EN LOS ARTEFACTOS;NO LOCALIZADO EN LOS ARTEFACTOS;NO LOCALIZADO EN LOS ARTEFACTOS;Estado preferido;Bajo;Geografía correlaciona oferta y demanda;codexway/src/spot2_codexway/features.py|codexway/src/spot2_codexway/modeling.py
CHALLENGER_ONLY;preferred_municipality;Categórica raw;Imputación most frequent más one-hot;Si;NO LOCALIZADO EN LOS ARTEFACTOS;NO LOCALIZADO EN LOS ARTEFACTOS;NO LOCALIZADO EN LOS ARTEFACTOS;Municipio preferido;Alta cardinalidad y drift;No causal;codexway/src/spot2_codexway/features.py|codexway/src/spot2_codexway/modeling.py
CHALLENGER_ONLY;preferred_corridor;Categórica raw;Imputación most frequent más one-hot;Si;NO LOCALIZADO EN LOS ARTEFACTOS;NO LOCALIZADO EN LOS ARTEFACTOS;NO LOCALIZADO EN LOS ARTEFACTOS;Corredor preferido;Alta cardinalidad y drift;No causal;codexway/src/spot2_codexway/features.py|codexway/src/spot2_codexway/modeling.py
CHALLENGER_ONLY;target_area_sqm;Numérica raw;Imputación mediana más StandardScaler;Si;NO LOCALIZADO EN LOS ARTEFACTOS;NO LOCALIZADO EN LOS ARTEFACTOS;NO LOCALIZADO EN LOS ARTEFACTOS;Área objetivo del lead;Unidades y actualización;No causal;codexway/src/spot2_codexway/features.py|codexway/src/spot2_codexway/modeling.py
CHALLENGER_ONLY;min_budget_mxn_rent_monthly;Numérica raw;Imputación mediana más StandardScaler;Si;NO LOCALIZADO EN LOS ARTEFACTOS;NO LOCALIZADO EN LOS ARTEFACTOS;NO LOCALIZADO EN LOS ARTEFACTOS;Presupuesto mínimo renta;Moneda y missingness;No causal;codexway/src/spot2_codexway/features.py|codexway/src/spot2_codexway/modeling.py
CHALLENGER_ONLY;max_budget_mxn_rent_monthly;Numérica raw;Imputación mediana más StandardScaler;Si;NO LOCALIZADO EN LOS ARTEFACTOS;NO LOCALIZADO EN LOS ARTEFACTOS;NO LOCALIZADO EN LOS ARTEFACTOS;Presupuesto máximo renta;Moneda y missingness;No causal;codexway/src/spot2_codexway/features.py|codexway/src/spot2_codexway/modeling.py
CHALLENGER_ONLY;min_budget_mxn_sale_total;Numérica raw;Imputación mediana más StandardScaler;Si;NO LOCALIZADO EN LOS ARTEFACTOS;NO LOCALIZADO EN LOS ARTEFACTOS;NO LOCALIZADO EN LOS ARTEFACTOS;Presupuesto mínimo venta;Moneda y missingness;No causal;codexway/src/spot2_codexway/features.py|codexway/src/spot2_codexway/modeling.py
CHALLENGER_ONLY;max_budget_mxn_sale_total;Numérica raw;Imputación mediana más StandardScaler;Si;NO LOCALIZADO EN LOS ARTEFACTOS;NO LOCALIZADO EN LOS ARTEFACTOS;NO LOCALIZADO EN LOS ARTEFACTOS;Presupuesto máximo venta;Moneda y missingness;No causal;codexway/src/spot2_codexway/features.py|codexway/src/spot2_codexway/modeling.py
CHALLENGER_ONLY;channel;Categórica raw T1;Imputación most frequent más one-hot;Si;NO LOCALIZADO EN LOS ARTEFACTOS;NO LOCALIZADO EN LOS ARTEFACTOS;Mature app 1253 tasa .215483, email 736 .195652, phone 260 .176923, web 1424 .212781, whatsapp 1225 .194286;Canal de primera inquiry;Policy feedback del canal;Canal no causa conversión sin experimento;codexway/src/spot2_codexway/features.py|codexway/src/spot2_codexway/modeling.py|codexway/outputs/tables/target_rate_by_segment.csv
CHALLENGER_ONLY;asked_visit;Categórica raw T1;Imputación most frequent más one-hot;Si;NO LOCALIZADO EN LOS ARTEFACTOS;No dominó;True 1213/4898 con 258 positivos y tasa 0.212696. False 3685 con 743 y 0.201628;Petición explícita en primera inquiry;Policy feedback pero no leakage si timestamp T1;No atribuir causalidad;codexway/outputs/metrics/t1_model_metrics.json|codexway/outputs/abt/abt_t1_first_inquiry.parquet
CHALLENGER_ONLY;message_length;Numérica raw T1;Imputación mediana más StandardScaler;Si;NO LOCALIZADO EN LOS ARTEFACTOS;NO LOCALIZADO EN LOS ARTEFACTOS;NO LOCALIZADO EN LOS ARTEFACTOS;Longitud del mensaje;Sólo primera inquiry;Proxy de esfuerzo no causal;codexway/src/spot2_codexway/features.py|codexway/src/spot2_codexway/modeling.py
CHALLENGER_ONLY;requested_area_sqm;Numérica raw T1;Imputación mediana más StandardScaler;Si;NO LOCALIZADO EN LOS ARTEFACTOS;NO LOCALIZADO EN LOS ARTEFACTOS;NO LOCALIZADO EN LOS ARTEFACTOS;Área pedida;Unidades y missingness;No causal;codexway/src/spot2_codexway/features.py|codexway/src/spot2_codexway/modeling.py
CHALLENGER_ONLY;requested_budget_mxn_rent_monthly;Numérica raw T1;Imputación mediana más StandardScaler;Si;NO LOCALIZADO EN LOS ARTEFACTOS;NO LOCALIZADO EN LOS ARTEFACTOS;NO LOCALIZADO EN LOS ARTEFACTOS;Presupuesto pedido renta;Moneda y missingness;No causal;codexway/src/spot2_codexway/features.py|codexway/src/spot2_codexway/modeling.py
CHALLENGER_ONLY;requested_budget_mxn_sale_total;Numérica raw T1;Imputación mediana más StandardScaler;Si;NO LOCALIZADO EN LOS ARTEFACTOS;NO LOCALIZADO EN LOS ARTEFACTOS;NO LOCALIZADO EN LOS ARTEFACTOS;Presupuesto pedido venta;Moneda y missingness;No causal;codexway/src/spot2_codexway/features.py|codexway/src/spot2_codexway/modeling.py
CHALLENGER_ONLY;urgency_days;Numérica raw T1;Imputación mediana más StandardScaler;Si;NO LOCALIZADO EN LOS ARTEFACTOS;NO LOCALIZADO EN LOS ARTEFACTOS;NO LOCALIZADO EN LOS ARTEFACTOS;Horizonte declarado;Sólo valor conocido en T1;Declaración no efecto causal;codexway/src/spot2_codexway/features.py|codexway/src/spot2_codexway/modeling.py
CHALLENGER_ONLY;days_from_lead_creation;Numérica derivada;T1 menos lead_created_at luego StandardScaler;Si;NO LOCALIZADO EN LOS ARTEFACTOS;NO LOCALIZADO EN LOS ARTEFACTOS;NO LOCALIZADO EN LOS ARTEFACTOS;Tiempo hasta primera inquiry;Bajo con timestamps válidos;Timing refleja procesos;codexway/src/spot2_codexway/features.py|codexway/src/spot2_codexway/modeling.py
CHALLENGER_ONLY;area_request_to_target_ratio;Numérica derivada;requested area dividido target area luego StandardScaler;Si;NO LOCALIZADO EN LOS ARTEFACTOS;NO LOCALIZADO EN LOS ARTEFACTOS;NO LOCALIZADO EN LOS ARTEFACTOS;Consistencia de área;Denominador cero pasa a NA;No causal;codexway/src/spot2_codexway/features.py|codexway/src/spot2_codexway/modeling.py
CHALLENGER_ONLY;rent_request_to_lead_budget_ratio;Numérica derivada;requested rent dividido max rent budget luego StandardScaler;Si;NO LOCALIZADO EN LOS ARTEFACTOS;NO LOCALIZADO EN LOS ARTEFACTOS;NO LOCALIZADO EN LOS ARTEFACTOS;Consistencia presupuesto renta;Moneda missing y cero;No causal;codexway/src/spot2_codexway/features.py|codexway/src/spot2_codexway/modeling.py
CHALLENGER_ONLY;sale_request_to_lead_budget_ratio;Numérica derivada;requested sale dividido max sale budget luego StandardScaler;Si;NO LOCALIZADO EN LOS ARTEFACTOS;NO LOCALIZADO EN LOS ARTEFACTOS;NO LOCALIZADO EN LOS ARTEFACTOS;Consistencia presupuesto venta;Moneda missing y cero;No causal;codexway/src/spot2_codexway/features.py|codexway/src/spot2_codexway/modeling.py
